"id","RTO","Location","state"
"2470","CH01","RLA,CHANDIGARH","CH:Chandigarh"
"2471","CG04","RTO,RAIPUR","CG:ChattisGarh"
"2472","CG05","DTO,DHAMTARI","CG:ChattisGarh"
"2473","CG06","DTO,MAHASAMUND","CG:ChattisGarh"
"2474","CG07","ADDL.RTO,DURG","CG:ChattisGarh"
"2475","CG08","ADDL.RTO,RAJNANDGAON","CG:ChattisGarh"
"2476","CG09","DTO,KABIRDHAM","CG:ChattisGarh"
"2477","CG10","RTO,BILASHPUR","CG:ChattisGarh"
"2478","CG11","DTO,JANGIR_CHAMPA","CG:ChattisGarh"
"2479","CG12","ADDL.RTO,KORBA","CG:ChattisGarh"
"2480","CG13","ADDL.RTO,RAIGARH","CG:ChattisGarh"
"2481","CG14","DTO,JASHPUR","CG:ChattisGarh"
"2482","CG15","ADDL.RTO,AMBIKAPUR","CG:ChattisGarh"
"2483","CG16","DTO,BAIKUNTHPUR","CG:ChattisGarh"
"2484","CG17","RTO,JAGDALPUR","CG:ChattisGarh"
"2485","CG18","DTO,DANTEWADA","CG:ChattisGarh"
"2486","CG19","DTO,KANKER","CG:ChattisGarh"
"2487","CG22","DTO,BALODABAZAR","CG:ChattisGarh"
"2488","CG23","DTO,GARIYABAND","CG:ChattisGarh"
"2489","CG24","DTO,BALOD","CG:ChattisGarh"
"2490","CG25","DTO,BEMETARA","CG:ChattisGarh"
"2491","CG26","DTO,SUKMA","CG:ChattisGarh"
"2492","CG27","DTO,KONDAGAON","CG:ChattisGarh"
"2493","CG28","DTO,MUNGELI","CG:ChattisGarh"
"2494","CG29","DTO,SURAJPUR","CG:ChattisGarh"
"2495","CG30","DTO,BALRAMPUR","CG:ChattisGarh"
"2496","DN09","RLA, SILVASSA, DNH UT","DN:Dadra &amp; Nagar Haveli"
"2497","DD02","RTO,DIU","DD:Daman and Diu"
"2498","DD03","RTO,DAMAN","DD:Daman and Diu"
"2762","KA01","RTO,KORAMANGALA","KA:Karnataka"
"2763","KA02","RTO,BANGALORE (WEST)","KA:Karnataka"
"2764","KA03","RTO,BANGALORE (EAST)","KA:Karnataka"
"2765","KA04","RTO,BANGALORE (NORTH)","KA:Karnataka"
"2766","KA05","RTO,BANGALORE (SOUTH)","KA:Karnataka"
"2767","KA06","RTO,TUMKUR","KA:Karnataka"
"2768","KA07","RTO,KOLAR","KA:Karnataka"
"2769","KA08","RTO,CORMONDAL","KA:Karnataka"
"2770","KA09","RTO,MYSORE","KA:Karnataka"
"2771","KA10","RTO,CHAMARAJ NAGAR","KA:Karnataka"
"2772","KA11","RTO,MANDYA","KA:Karnataka"
"2773","KA12","RTO,MADEIKERI","KA:Karnataka"
"2774","KA13","RTO,HASSAN","KA:Karnataka"
"2775","KA14","RTO,SHIMOGA","KA:Karnataka"
"2776","KA15","ASST.RTO,SAGAR","KA:Karnataka"
"2777","KA16","RTO,CHITRADURGA","KA:Karnataka"
"2778","KA17","RTO,DAVANAGERE","KA:Karnataka"
"2779","KA18","RTO,CHICKMAGALUR","KA:Karnataka"
"2780","KA19","RTO,MANGALORE.","KA:Karnataka"
"2781","KA20","RTO,UDUPI","KA:Karnataka"
"2782","KA21","RTO,PUTTUR","KA:Karnataka"
"2783","KA22","RTO,BELGAUM","KA:Karnataka"
"2784","KA23","RTO,CHIKKODI","KA:Karnataka"
"2785","KA24","ASST.RTO,BAILAHONGALA","KA:Karnataka"
"2786","KA25","RTO,DHARWAD","KA:Karnataka"
"2787","KA26","RTO,GADAG","KA:Karnataka"
"2788","KA27","RTO,HAVERI","KA:Karnataka"
"2789","KA28","RTO,BIJAPUR","KA:Karnataka"
"2790","KA29","RTO,BAGALKOT","KA:Karnataka"
"2791","KA30","RTO,KARWAR","KA:Karnataka"
"2792","KA31","RTO,SIRSI","KA:Karnataka"
"2793","KA32","RTO,GULBARGA","KA:Karnataka"
"2794","KA33","RTO,YADAGIRI","KA:Karnataka"
"2795","KA34","RTO,BELLARY","KA:Karnataka"
"2796","KA35","RTO,HOSPET","KA:Karnataka"
"2797","KA36","RTO,RAICHUR","KA:Karnataka"
"2798","KA37","RTO,KOPPAL","KA:Karnataka"
"2799","KA38","RTO,BIDAR","KA:Karnataka"
"2800","KA39","ASST.RTO,BHALKI","KA:Karnataka"
"2801","KA40","RTO,CHIKKABALLAPURA","KA:Karnataka"
"2802","KA41","RTO,BANGALORE","KA:Karnataka"
"2803","KA42","RTO,RAMANAGARA","KA:Karnataka"
"2804","KA43","ASST.RTO,DEVENAHALLI","KA:Karnataka"
"2805","KA44","ASST.RTO,TIPTUR","KA:Karnataka"
"2806","KA45","ASST.RTO,HUNSUR","KA:Karnataka"
"2807","KA46","ASST.RTO,SAKALESHPURA","KA:Karnataka"
"2808","KA47","ASST.RTO,HONNAVARA","KA:Karnataka"
"2809","KA48","ASST.RTO,JAMAKHANDI","KA:Karnataka"
"2810","KA49","ASST.RTO,GOKAK","KA:Karnataka"
"2811","KA50","RTO,YELAHANKA","KA:Karnataka"
"2812","KA51","RTO,CHENNAKESHAVANAGAR","KA:Karnataka"
"2813","KA52","RTO,NELAMANGALA","KA:Karnataka"
"2814","KA53","RTO, K.R.PURAM","KA:Karnataka"
"2815","KA54","ASST.RTO,NAGAMANGALA","KA:Karnataka"
"2816","KA55","RTO,MYSORE EAST","KA:Karnataka"
"2817","KA56","RTO, BASAVAKALYAN","KA:Karnataka"
"2818","KA64","ARTO MADHUGIRI","KA:Karnataka"
"2819","KA65","ARTO DANDELI","KA:Karnataka"
"2820","KA66","ARTO,TARIKERE,CHICKMAGALUR DISTRICT, KARNATAKA.","KA:Karnataka"
"2821","KL01","RTO,THIRUVANANTHAPURAM","KL:Kerala"
"2822","KL02","RTO,KOLLAM","KL:Kerala"
"2823","KL03","RTO,PATHANAMTHITTA","KL:Kerala"
"2824","KL04","RTO,ALAPPUZHA","KL:Kerala"
"2825","KL05","RTO,KOTTAYAM","KL:Kerala"
"2826","KL06","RTO,IDUKKI","KL:Kerala"
"2827","KL07","RTO,ERNAKULAM","KL:Kerala"
"2828","KL08","RTO,THRISSUR","KL:Kerala"
"2829","KL09","RTO,PALAKKAD","KL:Kerala"
"2830","KL10","RTO,MALAPPURAM","KL:Kerala"
"2831","KL11","RTO,KOZHIKODE","KL:Kerala"
"2832","KL12","RTO,WAYANAD","KL:Kerala"
"2833","KL13","RTO,KANNUR","KL:Kerala"
"2834","KL14","RTO,KASARAGOD","KL:Kerala"
"2835","KL15","RTO-NATIONAL SECTOR","KL:Kerala"
"2836","KL16","RTO,ATTINGAL","KL:Kerala"
"2837","KL17","RTO,MUVATTUPUZHA","KL:Kerala"
"2838","KL18","RTO,VADAKARA","KL:Kerala"
"2839","KL19","SRTO,PARASSALA","KL:Kerala"
"2840","KL20","SRTO,NEYYATTINKARA","KL:Kerala"
"2841","KL21","SRTO,NEDUMANGAD","KL:Kerala"
"2842","KL22","SRTO,KAZHAKUTTOM","KL:Kerala"
"2843","KL23","SRTO,KARUNAGAPPALLY","KL:Kerala"
"2844","KL24","SRTO,KOTTAKKARA","KL:Kerala"
"2845","KL25","SRTO,PUNALUR","KL:Kerala"
"2846","KL26","SRTO,ADOOR","KL:Kerala"
"2847","KL27","SRTO,THIRUVALLA","KL:Kerala"
"2848","KL28","SRTO,MALLAPPALLY","KL:Kerala"
"2849","KL29","SRTO,KAYAMKULAM","KL:Kerala"
"2850","KL30","SRTO,CHENGANNUR","KL:Kerala"
"2851","KL31","SRTO,MAVELIKKARA","KL:Kerala"
"2852","KL32","SRTO,CHERTHALA","KL:Kerala"
"2853","KL33","SRTO,CHANGANACHERRY","KL:Kerala"
"2854","KL34","SRTO,KANJIRAPPALLY","KL:Kerala"
"2855","KL35","SRTO,PALA","KL:Kerala"
"2856","KL36","SRTO,VAIKKOM","KL:Kerala"
"2857","KL37","SRTO,VANDIPERIYAR","KL:Kerala"
"2858","KL38","SRTO,THODUPUZHA","KL:Kerala"
"2859","KL39","SRTO,TRIPUNITHURA","KL:Kerala"
"2860","KL40","SRTO,PERUMBAVOOR","KL:Kerala"
"2861","KL41","SRTO,ALUVA","KL:Kerala"
"2862","KL42","SRTO,NORTH PARAVOOR","KL:Kerala"
"2863","KL43","SRTO,MATTANCHERRY","KL:Kerala"
"2864","KL44","SRTO,KOTHAMANGALAM","KL:Kerala"
"2865","KL45","SRTO,IRANJALAKKUDA","KL:Kerala"
"2866","KL46","SRTO,GURUVAYOOR","KL:Kerala"
"2867","KL47","SRTO,KODUNGALLUR","KL:Kerala"
"2868","KL48","SRTO,VADAKKANCHERRY","KL:Kerala"
"2869","KL49","SRTO,ALATHUR","KL:Kerala"
"2870","KL50","SRTO,MANNARKKAD","KL:Kerala"
"2871","KL51","SRTO,OTTAPPALAM","KL:Kerala"
"2872","KL52","SRTO,PATTAMBI","KL:Kerala"
"2873","KL53","SRTO,PERINTHALMANNA","KL:Kerala"
"2874","KL54","SRTO,PONNANI","KL:Kerala"
"2875","KL55","SRTO,TIRUR","KL:Kerala"
"2876","KL56","SRTO,KOYILANDY","KL:Kerala"
"2877","KL57","SRTO,KODUVALLY","KL:Kerala"
"2878","KL58","SRTO,THALASSERY","KL:Kerala"
"2879","KL59","SRTO,THALIPARAMBA","KL:Kerala"
"2880","KL60","SRTO,KANHANGAD","KL:Kerala"
"2881","KL61","SRTO, KUNNATHUR","KL:Kerala"
"2882","KL62","SRTO, RANNI","KL:Kerala"
"2883","KL63","SRTO, ANGAMALI","KL:Kerala"
"2884","KL64","SRTO, CHALAKKUDY","KL:Kerala"
"2885","KL65","SRTO, THIRURANGADI","KL:Kerala"
"2313","AN01","O/O THE LICENSING AUTHORITY,PORT BLAIR","AN:Andaman and Nicobar"
"2314","AP002","RTA ANANTAPUR","AP:Andhra Pradesh"
"2315","AP003","RTA CHITTOOR","AP:Andhra Pradesh"
"2316","AP004","RTA CUDDAPAH","AP:Andhra Pradesh"
"2317","AP005","RTA EAST GODAVARI-KAKINADA","AP:Andhra Pradesh"
"2318","AP007","RTA GUNTUR","AP:Andhra Pradesh"
"2319","AP016","RTA VIJAYAWADA","AP:Andhra Pradesh"
"2320","AP021","RTA KURNOOL","AP:Andhra Pradesh"
"2321","AP026","RTA NELLORE","AP:Andhra Pradesh"
"2322","AP027","RTA PRAKASAM","AP:Andhra Pradesh"
"2323","AP030","RTA SRIKAKULAM","AP:Andhra Pradesh"
"2324","AP031","RTA VISHAKAPATNAM","AP:Andhra Pradesh"
"2325","AP035","RTA VIZIANAGARAM","AP:Andhra Pradesh"
"2326","AP037","RTA WEST GODAVARI - ELURU","AP:Andhra Pradesh"
"2327","AP102","RTA HINDUPUR","AP:Andhra Pradesh"
"2328","AP103","RTA TIRUPATI","AP:Andhra Pradesh"
"2329","AP104","MVI OFFICE BADVEL","AP:Andhra Pradesh"
"2330","AP105","RTA RAJAHMUNDRY","AP:Andhra Pradesh"
"2331","AP107","RTA NARASARAOPET","AP:Andhra Pradesh"
"2332","AP116","RTA GUDIWADA","AP:Andhra Pradesh"
"2333","AP121","RTA NANDYAL","AP:Andhra Pradesh"
"2334","AP126","MVI OFFICE ATMAKUR","AP:Andhra Pradesh"
"2335","AP127","UNIT OFFICE CHIRALA","AP:Andhra Pradesh"
"2336","AP130","MVI OFFICE ITCHAPURAM","AP:Andhra Pradesh"
"2337","AP131","RTA ANAKAPALLI","AP:Andhra Pradesh"
"2338","AP135","MVI OFFICE PARVATHIPURAM","AP:Andhra Pradesh"
"2339","AP137","RTA BHIMAVARAM","AP:Andhra Pradesh"
"2340","AP202","UNIT OFFICE GUNTAKAL","AP:Andhra Pradesh"
"2341","AP203","UNIT OFFICE MADANAPALLE","AP:Andhra Pradesh"
"2342","AP204","RTA PRODDUTUR","AP:Andhra Pradesh"
"2343","AP205","RTA AMALAPURAM","AP:Andhra Pradesh"
"2344","AP207","MVI OFFICE BAPATLA","AP:Andhra Pradesh"
"2345","AP216","UNIT OFFICE MACHILIPATNAM","AP:Andhra Pradesh"
"2346","AP221","UNIT OFFICE ADONI","AP:Andhra Pradesh"
"2347","AP226","RTA GUDUR","AP:Andhra Pradesh"
"2348","AP227","MVI OFFICE KANDUKUR","AP:Andhra Pradesh"
"2349","AP230","MVI OFFICE PALAKONDA","AP:Andhra Pradesh"
"2350","AP231","RTA GAJUWAKA","AP:Andhra Pradesh"
"2351","AP235","MVI OFFICE SALUR","AP:Andhra Pradesh"
"2352","AP237","UNIT OFFICE JANGAREDDY GUDEM","AP:Andhra Pradesh"
"2353","AP302","MVI OFFICE KADIRI","AP:Andhra Pradesh"
"2354","AP303","MVI OFFICE PALAMANER","AP:Andhra Pradesh"
"2355","AP304","MVI OFFICE PULIVENDULA","AP:Andhra Pradesh"
"2356","AP305","UNIT OFFICE KATHIPUDI","AP:Andhra Pradesh"
"2357","AP307","MVI CHILAKALURIPETA","AP:Andhra Pradesh"
"2358","AP316","RTA NANDIGAMA","AP:Andhra Pradesh"
"2359","AP321","MVI OFFICE ATMAKUR-KURNOOL","AP:Andhra Pradesh"
"2360","AP326","UNIT OFFICE KAVALI","AP:Andhra Pradesh"
"2361","AP327","UNIT OFFICE MARKAPUR","AP:Andhra Pradesh"
"2362","AP330","MVI OFFICE PALASA","AP:Andhra Pradesh"
"2363","AP331","MVI OFFICE NARSIPATNAM","AP:Andhra Pradesh"
"2364","AP337","UNIT OFFICE KOVVURU","AP:Andhra Pradesh"
"2365","AP402","UNIT OFFICE TADIPATRI","AP:Andhra Pradesh"
"2366","AP403","MVI OFFICE PILER","AP:Andhra Pradesh"
"2367","AP404","MVI OFFICE RAJAMPET","AP:Andhra Pradesh"
"2368","AP405","UNIT OFFICE MANDAPETA","AP:Andhra Pradesh"
"2369","AP407","MVI OFFICE MACHERLA","AP:Andhra Pradesh"
"2370","AP416","UNIT OFFICE NUZVID","AP:Andhra Pradesh"
"2371","AP421","MVI OFFICE DHONE","AP:Andhra Pradesh"
"2372","AP426","UNIT OFFICE SULLURPET","AP:Andhra Pradesh"
"2373","AP427","UNIT OFFICE DARSI","AP:Andhra Pradesh"
"2374","AP430","MVI OFFICE TEKKALI","AP:Andhra Pradesh"
"2375","AP437","UNIT OFFICE TADEPALLI GUDEM","AP:Andhra Pradesh"
"2376","AP503","MVI OFFICE PUTTUR","AP:Andhra Pradesh"
"2377","AP504","MVI OFFICE RAYACHOTI","AP:Andhra Pradesh"
"2378","AP505","MVI OFFICE PEDDAPURAM","AP:Andhra Pradesh"
"2379","AP507","MVI OFFICE MANGALAGIRI","AP:Andhra Pradesh"
"2380","AP516","UNIT OFFICE VUYYURU","AP:Andhra Pradesh"
"2381","AP537","UNIT OFFICE TANUKU","AP:Andhra Pradesh"
"2382","AP603","MVI OFFICE SRIKALAHASTHI","AP:Andhra Pradesh"
"2383","AP607","UNIT OFFICE PIDUGURALLA","AP:Andhra Pradesh"
"2384","AP616","UNIT OFFICE JAGGAYYAPET","AP:Andhra Pradesh"
"2385","AP637","UNIT OFFICE PALAKOLE","AP:Andhra Pradesh"
"2386","AP705","UNIT OFFICE RAVULAPALEM","AP:Andhra Pradesh"
"2387","AP707","UNIT OFFICE TENALI","AP:Andhra Pradesh"
"2388","AP905","MVI OFFICE CHINTOOR","AP:Andhra Pradesh"
"2389","AR01","DTO, ITANAGAR","AR:Arunachal Pradesh"
"2390","AR03","DTO,TAWANG","AR:Arunachal Pradesh"
"2391","AR04","DTO,BOMDILA","AR:Arunachal Pradesh"
"2392","AR05","DTO,SEPPA","AR:Arunachal Pradesh"
"2393","AR06","DTO,ZIRO","AR:Arunachal Pradesh"
"2394","AR07","DTO,DAPORIJO","AR:Arunachal Pradesh"
"2395","AR08","DTO,ALONG","AR:Arunachal Pradesh"
"2396","AR09","DTO,PASIGHAT","AR:Arunachal Pradesh"
"2397","AR10","DTO ANINI","AR:Arunachal Pradesh"
"2398","AR11","DTO,TEZU","AR:Arunachal Pradesh"
"2399","AR12","DTO,CHANGLANG","AR:Arunachal Pradesh"
"2400","AR13","DTO,KHONSA","AR:Arunachal Pradesh"
"2401","AR14","DTO YINGKIONG","AR:Arunachal Pradesh"
"2402","AR15","DTO KOLORIANG","AR:Arunachal Pradesh"
"2403","AR16","DTO,ROING","AR:Arunachal Pradesh"
"2404","AR17","DTO, HAWAI","AR:Arunachal Pradesh"
"2405","AS01","DTO,KAMRUP","AS:Assam"
"2406","AS02","DTO,NAGAON","AS:Assam"
"2407","AS03","DTO,JORHAT","AS:Assam"
"2408","AS04","DTO,SIVSAGAR","AS:Assam"
"2409","AS05","DTO,GOLAGHAT","AS:Assam"
"2410","AS06","DTO,DIBRUGARH","AS:Assam"
"2411","AS07","DTO,LAKHIMPUR","AS:Assam"
"2412","AS08","DTO,N.C HILLS","AS:Assam"
"2413","AS09","DTO,KARBI ANGLOG","AS:Assam"
"2414","AS10","DTO,KARIMGANJ","AS:Assam"
"2415","AS11","DTO,SILCHAR","AS:Assam"
"2416","AS12","DTO,SONITPUR","AS:Assam"
"2417","AS13","DTO,DARRANG","AS:Assam"
"2418","AS14","DTO,NALBARI","AS:Assam"
"2419","AS15","DTO,BARPETA","AS:Assam"
"2420","AS16","DTO,KOKRAJHAR","AS:Assam"
"2421","AS17","DTO,DHUBRI","AS:Assam"
"2422","AS18","DTO,GOALPARA","AS:Assam"
"2423","AS19","DTO,BONGAIGAON","AS:Assam"
"2424","AS21","DTO,MORIGAON","AS:Assam"
"2425","AS22","DTO,DHEMAJI","AS:Assam"
"2426","AS23","DTO,TINSUKIA","AS:Assam"
"2427","AS24","DTO,HAILAKANDI","AS:Assam"
"2428","AS25","DTO, KAMRUP RURAL","AS:Assam"
"2429","AS26","DTO,CHIRANG","AS:Assam"
"2430","AS27","DTO,UDALGURI","AS:Assam"
"2431","AS28","DTO,BAKSA","AS:Assam"
"2432","BR01","DTO, PATNA","BR:Bihar"
"2433","BR02","DTO, GAYA","BR:Bihar"
"2434","BR03","DTO, BHOJPUR","BR:Bihar"
"2435","BR04","DTO, CHAPARA","BR:Bihar"
"2436","BR05","DTO, MOTIHARI","BR:Bihar"
"2437","BR06","DTO, MUZAFFARPUR","BR:Bihar"
"2438","BR07","DTO, DARBHANGA","BR:Bihar"
"2439","BR08","DTO, MUNGER","BR:Bihar"
"2440","BR09","DTO, BEGUSARAI","BR:Bihar"
"2441","BR10","DTO, BHAGALPUR","BR:Bihar"
"2442","BR11","DTO, PURNEA","BR:Bihar"
"2443","BR19","DTO, SAHARSA","BR:Bihar"
"2444","BR21","DTO, NALANDA","BR:Bihar"
"2445","BR22","DTO, BETTIAH","BR:Bihar"
"2446","BR24","DTO, ROHTAS","BR:Bihar"
"2447","BR25","DTO, JEHANABAD","BR:Bihar"
"2448","BR26","DTO, AURANGABAD","BR:Bihar"
"2449","BR27","DTO, NAWADAH","BR:Bihar"
"2450","BR28","DTO, GOPALGANJ","BR:Bihar"
"2451","BR29","DTO, SIWAN","BR:Bihar"
"2452","BR30","DTO, SITAMARHI","BR:Bihar"
"3025","OD01","RTO,BALASORE","OD:Odisha"
"3026","OD02","RTO,BHUBANESWAR","OD:Odisha"
"3027","OD02K","ASST.RTO,KHURDA","OD:Odisha"
"3028","OD03","RTO,BOLANGIR","OD:Odisha"
"3029","OD04","RTO,CHANDIKHOL","OD:Odisha"
"3030","OD05","RTO,CUTTACK","OD:Odisha"
"3031","OD06","RTO,DHENKANAL","OD:Odisha"
"3032","OD07","RTO,GANJAM","OD:Odisha"
"3033","OD08","RTO,KALAHANDI","OD:Odisha"
"3034","OD09","RTO,KEONJHAR","OD:Odisha"
"3035","OD09B","ADDL.RTO,BARBIL","OD:Odisha"
"3036","OD10","RTO,KORAPUT","OD:Odisha"
"3037","OD11","RTO,MAYURBHANJ","OD:Odisha"
"3038","OD11R","ASST.RTO,RAIRANGPUR","OD:Odisha"
"3039","OD12","RTO,PHULBANI","OD:Odisha"
"3040","OD13","RTO,PURI","OD:Odisha"
"3041","OD14","RTO,ROURKELA","OD:Odisha"
"3042","OD15","RTO,SAMBALPUR","OD:Odisha"
"3043","OD16","RTO,SUNDERGARH","OD:Odisha"
"3044","OD17","RTO,BARAGARH","OD:Odisha"
"3045","OD18","RTO,RAYAGADA","OD:Odisha"
"3046","OD19","RTO,ANGUL","OD:Odisha"
"3047","OD20","RTO,GAJAPATI","OD:Odisha"
"3048","OD21","RTO,JAGATSINGHPUR","OD:Odisha"
"3049","OD22","RTO,BHADRAK","OD:Odisha"
"3050","OD23","RTO,JHARSUGUDA","OD:Odisha"
"3051","OD24","RTO,NAWARANGPUR","OD:Odisha"
"3052","OD25","RTO,NAYAGARH","OD:Odisha"
"3053","OD26","RTO,NUAPADA","OD:Odisha"
"3054","OD27","RTO,BOUDH","OD:Odisha"
"3055","OD28","RTO,DEOGARH","OD:Odisha"
"3056","OD29","RTO,KENDRAPARA","OD:Odisha"
"3057","OD30","RTO,MALKANGIRI","OD:Odisha"
"3058","OD31","RTO,SUBARNAPUR","OD:Odisha"
"3059","OD32","RTO,BHANJANAGAR","OD:Odisha"
"3060","OD33","RTO,BHUBANESWAR-II","OD:Odisha"
"3061","OD34","RTO,JAJPUR","OD:Odisha"
"3062","OD35","RTO,TALCHER","OD:Odisha"
"3063","OD99","GOVT.DRIVING TRAINING SCHOOL,BHUBANESWAR","OD:Odisha"
"3064","PY01","RTO,PUDUCHERRY","PY:Pondicherry"
"3065","PY01B","BAHOUR","PY:Pondicherry"
"3066","PY02","RTO,KARAIKAL","PY:Pondicherry"
"3067","PY03","UNIT OFFICE MAHE","PY:Pondicherry"
"3068","PY04","UNIT OFFICE YANAM","PY:Pondicherry"
"3069","PY05","OULGARET","PY:Pondicherry"
"3070","PY05V","THIRUBHUVANAI","PY:Pondicherry"
"3071","PB01","STA,PUNJAB","PB:Punjab"
"3072","PB02","DTO,AMRITSAR","PB:Punjab"
"3073","PB03","DTO,BATHINDA","PB:Punjab"
"3074","PB04","DTO,FARIDKOT","PB:Punjab"
"3075","PB05","DTO,FEROZEPUR","PB:Punjab"
"3076","PB06","DTO,GURDASPUR","PB:Punjab"
"3077","PB07","DTO,HOSHIARPUR","PB:Punjab"
"3078","PB08","DTO,JALANDHAR","PB:Punjab"
"3079","PB09","DTO,KAPURTHALA","PB:Punjab"
"3080","PB10","DTO,LUDHIANA","PB:Punjab"
"3081","PB11","DTO,PATIALA","PB:Punjab"
"3082","PB12","DTO,ROPAR","PB:Punjab"
"3083","PB13","DTO,SANGRUR","PB:Punjab"
"3084","PB14","SDM,AJNALA","PB:Punjab"
"3085","PB15","SDM,ABOHAR","PB:Punjab"
"3086","PB16","SDM,ANANDPUR SAHIB","PB:Punjab"
"3087","PB17","SDM,BABA BAKALA","PB:Punjab"
"3088","PB18","SDM,BATALA","PB:Punjab"
"3089","PB19","DTO,BARNALA","PB:Punjab"
"3090","PB20","SDM,BALACHAUR","PB:Punjab"
"3091","PB21","SDM,DASUYA","PB:Punjab"
"3092","PB22","SDM,FAZILKA","PB:Punjab"
"3093","PB23","DTO,FATEHGARH SAHIB","PB:Punjab"
"3094","PB24","SDM,GARHSHANKAR","PB:Punjab"
"3095","PB25","SDM,JAGRAON","PB:Punjab"
"3096","PB26","SDM,KHANNA","PB:Punjab"
"3097","PB27","SDM,KHARAR","PB:Punjab"
"3098","PB28","SDM,MALERKOTLA","PB:Punjab"
"3099","PB29","DTO,MOGA","PB:Punjab"
"3100","PB30","DTO,MUKTSAR","PB:Punjab"
"3101","PB31","DTO,MANSA","PB:Punjab"
"3102","PB32","DTO,NAWANSHAHAR","PB:Punjab"
"3103","PB33","SDM,NAKODAR","PB:Punjab"
"3104","PB34","SDM,NABHA","PB:Punjab"
"3105","PB35","SDM,PATHANKOT","PB:Punjab"
"3106","PB36","SDM,PHAGWARA","PB:Punjab"
"3107","PB37","SDM,PHILLAUR","PB:Punjab"
"3108","PB38","SDM, PATTI","PB:Punjab"
"3109","PB39","SDM,RAJPURA","PB:Punjab"
"3110","PB40","SDM,RAMPURA PHUL","PB:Punjab"
"3111","PB41","SDM,SULTANPUR LODHI","PB:Punjab"
"3112","PB42","SDM,SAMANA","PB:Punjab"
"3113","PB43","SDM,SAMRALA","PB:Punjab"
"3114","PB44","SDM,SUNAM","PB:Punjab"
"3115","PB45","SDM,TALWANDI SABO","PB:Punjab"
"3116","PB46","DTO,TARAN TARAN","PB:Punjab"
"3117","PB47","SDM,ZIRA","PB:Punjab"
"3118","PB48","SDM,AMLOH","PB:Punjab"
"3119","PB49","SDM,KHAMAO","PB:Punjab"
"3120","PB50","SDM,BUDHLADA","PB:Punjab"
"3121","PB51","SDM,SARDULGARH","PB:Punjab"
"3122","PB52","SDM,BASSI","PB:Punjab"
"3123","PB53","SDM,MALOUT","PB:Punjab"
"3124","PB54","SDM,MUKERIAN","PB:Punjab"
"3125","PB55","SDM,PAYAL","PB:Punjab"
"3126","PB56","SDM,RAIKOT","PB:Punjab"
"3127","PB57","SDM,BHOLATH","PB:Punjab"
"3128","PB58","SDM,DERA BABA NANAK","PB:Punjab"
"3129","PB59","SDM,DHURI","PB:Punjab"
"3130","PB60","SDM,GIDDERBAHA","PB:Punjab"
"3131","PB61","SDM,JALALABAD","PB:Punjab"
"3132","PB62","SDM,JAITU","PB:Punjab"
"3133","PB63","SDM,KHADOOR SAHIB","PB:Punjab"
"3134","PB64","SDM,MOONAK","PB:Punjab"
"3135","PB65","DTO,SASNAGAR","PB:Punjab"
"3136","PB66","SDM,NIHAL SINGH WALA","PB:Punjab"
"3137","PB67","SDM,SHAHKOT","PB:Punjab"
"3138","PB68","SDM,DHAR KALAN","PB:Punjab"
"3139","PB69","SDM,BAGHAPURANA","PB:Punjab"
"3140","PB70","SDM,DERABASSI","PB:Punjab"
"3141","PB71","SDM,CHAMKAUR SAHIB","PB:Punjab"
"3142","PB72","SDM,PATRAN","PB:Punjab"
"3143","PB73","SDM,TAPA","PB:Punjab"
"3144","PB74","SDM,NANGAL","PB:Punjab"
"3145","RJ01","RTO, AJMER","RJ:Rajasthan"
"3146","RJ02","RTO, ALWAR","RJ:Rajasthan"
"3147","RJ02A","SUB OFFICE, BEHROR","RJ:Rajasthan"
"3148","RJ03","DTO, BANSWARA","RJ:Rajasthan"
"3149","RJ04","DTO, BARMER","RJ:Rajasthan"
"3150","RJ05","DTO, BHARATPUR","RJ:Rajasthan"
"3151","RJ05A","SUB OFFICE, DEEG","RJ:Rajasthan"
"3152","RJ06","DTO, BHILWARA","RJ:Rajasthan"
"3153","RJ07","RTO, BIKANER","RJ:Rajasthan"
"3154","RJ08","DTO, BUNDI","RJ:Rajasthan"
"3155","RJ09","RTO, CHITTORGARH","RJ:Rajasthan"
"3156","RJ10","DTO, CHURU","RJ:Rajasthan"
"3157","RJ10A","SUB OFFICE, RAJGARH","RJ:Rajasthan"
"3158","RJ11","DTO, DHOLPUR","RJ:Rajasthan"
"3159","RJ12","DTO, DUNGARPUR","RJ:Rajasthan"
"3160","RJ13","DTO, SRI-GANGANAGAR","RJ:Rajasthan"
"3161","RJ13A","SUB OFFICE, SURATGARH","RJ:Rajasthan"
"3162","RJ14","RTO, JAIPUR","RJ:Rajasthan"
"3163","RJ15","DTO, JAISALMER","RJ:Rajasthan"
"3164","RJ15A","SUB OFFICE, POKRAN","RJ:Rajasthan"
"3165","RJ16","DTO, JALORE","RJ:Rajasthan"
"3166","RJ16B","SUB OFFICE, SANCHOR","RJ:Rajasthan"
"3167","RJ17","DTO, JHALAWAR","RJ:Rajasthan"
"3168","RJ18","DTO, JHUNJHUNU","RJ:Rajasthan"
"3169","RJ18A","SUB OFFICE, KHETRI","RJ:Rajasthan"
"3170","RJ19","RTO, JODHPUR","RJ:Rajasthan"
"3171","RJ19A","SUB OFFICE, PIPAD CITY","RJ:Rajasthan"
"3172","RJ19B","SUB OFFICE, FALODI","RJ:Rajasthan"
"3173","RJ20","RTO, KOTA","RJ:Rajasthan"
"3174","RJ21","DTO, NAGAUR","RJ:Rajasthan"
"3175","RJ21A","SUB OFFICE, MAKRANA","RJ:Rajasthan"
"3176","RJ21B","SUB OFFICE, MEDTACITY","RJ:Rajasthan"
"3177","RJ22","DTO, PALI","RJ:Rajasthan"
"3178","RJ22A","SUB OFFICE, SUMERPUR","RJ:Rajasthan"
"3179","RJ22B","SUB OFFICE, SOJAT","RJ:Rajasthan"
"3180","RJ23","RTO, SIKAR","RJ:Rajasthan"
"3181","RJ23A","SUB OFFICE, RINGUS","RJ:Rajasthan"
"3182","RJ23B","SUB OFFICE, NEEMKATHANA","RJ:Rajasthan"
"3183","RJ24","DTO, SIROHI","RJ:Rajasthan"
"3184","RJ25","DTO, SWAIMADHOPUR","RJ:Rajasthan"
"2453","BR31","DTO, VAISHALI","BR:Bihar"
"2454","BR32","DTO, MADHUBANI","BR:Bihar"
"2455","BR33","DTO, SAMASTIPUR","BR:Bihar"
"2456","BR34","DTO, KHAGARIA","BR:Bihar"
"2457","BR37","DTO, KISHANGANJ","BR:Bihar"
"2458","BR38","DTO, ARAREA","BR:Bihar"
"2459","BR39","DTO, KATIHAR","BR:Bihar"
"2460","BR43","DTO, MADHEPURA","BR:Bihar"
"2461","BR44","DTO, BUXUR","BR:Bihar"
"2462","BR45","DTO, BHABHUA","BR:Bihar"
"2463","BR46","DTO, JAUMUI","BR:Bihar"
"2464","BR50","DTO, SUPAUL","BR:Bihar"
"2465","BR51","DTO, BANKA","BR:Bihar"
"2466","BR52","DTO, SHEIKHPURA","BR:Bihar"
"2467","BR53","DTO, LAKHISARAI","BR:Bihar"
"2468","BR55","DTO, SHEOHAR","BR:Bihar"
"2469","BR56","DTO, ARAWAL","BR:Bihar"
"3185","RJ25A","SUB OFFICE, GANGAPURCITY","RJ:Rajasthan"
"3186","RJ26","DTO, TONK","RJ:Rajasthan"
"3187","RJ26A","SUB OFFICE, NIWAI","RJ:Rajasthan"
"3188","RJ26B","SUB OFFICE, UNIARA","RJ:Rajasthan"
"3189","RJ27","RTO, UDAIPUR","RJ:Rajasthan"
"3190","RJ27A","SUB OFFICE, SALUMBAR","RJ:Rajasthan"
"3191","RJ28","DTO, BARAN","RJ:Rajasthan"
"3192","RJ29","RTO, DAUSA","RJ:Rajasthan"
"3193","RJ30","DTO, RAJSAMAND","RJ:Rajasthan"
"3194","RJ30A","SUB OFFICE, NATHDWARA","RJ:Rajasthan"
"3195","RJ30B","SUB OFFICE, BHIM","RJ:Rajasthan"
"3196","RJ31","DTO, HANUMANGARH","RJ:Rajasthan"
"3197","RJ32","DTO, KOTPUTALI","RJ:Rajasthan"
"3198","RJ33","DTO, RAMGANJMANDI","RJ:Rajasthan"
"3199","RJ34","DTO, KAROLI","RJ:Rajasthan"
"3200","RJ34A","SUB OFFICE, HINDON","RJ:Rajasthan"
"3201","RJ35","DTO, PRATAPGARH","RJ:Rajasthan"
"3202","RJ36","DTO, BEAWAR","RJ:Rajasthan"
"3203","RJ37","DTO, DIDWANA","RJ:Rajasthan"
"3204","RJ37A","SUB OFFICE, NAVA","RJ:Rajasthan"
"3205","RJ38","DTO, ABU ROAD","RJ:Rajasthan"
"3206","RJ39","DTO, BALOTRA","RJ:Rajasthan"
"3207","RJ40","DTO, BHIWADI","RJ:Rajasthan"
"3208","RJ41","DTO, CHOMU","RJ:Rajasthan"
"3209","RJ42","DTO, KISHANGARH","RJ:Rajasthan"
"3210","RJ43","DTO, FALODI","RJ:Rajasthan"
"3211","RJ44","DTO, SUJANGARH","RJ:Rajasthan"
"3212","RJ45","RTO, JAIPUR (NORTH)","RJ:Rajasthan"
"3213","RJ46","DTO, BHINMAL","RJ:Rajasthan"
"3214","RJ47","DTO, DUDU","RJ:Rajasthan"
"3215","RJ48","DTO, KEKRI","RJ:Rajasthan"
"3216","RJ49","DTO, NOHAR","RJ:Rajasthan"
"3217","RJ50","DTO, NOKHA","RJ:Rajasthan"
"3218","RJ51","DTO, SHAHPURA, BHILWARA","RJ:Rajasthan"
"3219","RJ52","DTO, SHAHPURA, JAIPUR","RJ:Rajasthan"
"3220","SK01","RTO,EAST SIKKIM","SK:Sikkim"
"3221","SK02","RTO,WEST SIKKIM","SK:Sikkim"
"3222","SK03","RTO,NORTH SIKKIM","SK:Sikkim"
"3223","SK04","RTO,SOUTH SIKKIM","SK:Sikkim"
"3224","TN01","RTO,CHENNAI (CENTRAL)","TN:Tamil Nadu"
"3225","TN02","RTO,CHENNAI (NORTH WEST),","TN:Tamil Nadu"
"3226","TN03","RTO,CHENNAI (NORTH EAST),","TN:Tamil Nadu"
"3227","TN04","RTO,CHENNAI (EAST),","TN:Tamil Nadu"
"3228","TN05","RTO,CHENNAI (NORTH)","TN:Tamil Nadu"
"3229","TN06","RTO,CHENNAI (SOUTH EAST)","TN:Tamil Nadu"
"3230","TN07","RTO,CHENNAI (SOUTH),","TN:Tamil Nadu"
"3231","TN09","RTO,CHENNAI (WEST),","TN:Tamil Nadu"
"3232","TN10","RTO,CHENNAI (SOUTH WEST)","TN:Tamil Nadu"
"3233","TN11","RTO OFFICE,TAMBARAM,","TN:Tamil Nadu"
"3234","TN12","RTO, POONAMALEE,","TN:Tamil Nadu"
"3235","TN13","RTO, AMBATTUR","TN:Tamil Nadu"
"3236","TN14","RTO,SHOLINGANALLUR,","TN:Tamil Nadu"
"3237","TN15","RTO,ULUNDURPET,","TN:Tamil Nadu"
"3238","TN15Z","UO, KALLAKURICHI","TN:Tamil Nadu"
"3239","TN16","RTO OFFICE,TINDIVANAM,","TN:Tamil Nadu"
"3240","TN16Z","UNIT OFFICE , GINGEE","TN:Tamil Nadu"
"3241","TN18","RTO,REDHILLS","TN:Tamil Nadu"
"3242","TN18Y","UNIT OFFICE, GUMIDIPOONDI","TN:Tamil Nadu"
"3243","TN19","RTO, CHENGALPATTU","TN:Tamil Nadu"
"3244","TN19Z","UNIT OFFICE, MADURANTAGAM,","TN:Tamil Nadu"
"3245","TN20","RTO,THIRUVALLUR","TN:Tamil Nadu"
"3246","TN20X","UNIT OFFICE, TIRUTHANI","TN:Tamil Nadu"
"3247","TN21","RTO, KANCHEEPURAM","TN:Tamil Nadu"
"3248","TN21W","UO, SRIPERUMBUDUR","TN:Tamil Nadu"
"3249","TN22","RTO, MEENAMBAKKAM","TN:Tamil Nadu"
"3250","TN23","RTO, VELLORE","TN:Tamil Nadu"
"3251","TN23T","UNIT OFFICE,GUDIYATHAM,","TN:Tamil Nadu"
"3252","TN24","RTO, KRISHNAGIRI","TN:Tamil Nadu"
"3253","TN25","RTO, TIRUVANAMALAI","TN:Tamil Nadu"
"3254","TN25Y"," UNIT OFFICE, CHEYYAR      ","TN:Tamil Nadu"
"3255","TN25Z","UNIT OFFICE, ARANI,","TN:Tamil Nadu"
"3256","TN28","RTO, NAMAKKAL NORTH","TN:Tamil Nadu"
"3257","TN28Z","UNIT OFFICE,RASIPURAM,","TN:Tamil Nadu"
"3258","TN29","RTO, DHARMAPURI","TN:Tamil Nadu"
"3259","TN29T","UNIT OFFICE,HARUR,","TN:Tamil Nadu"
"3260","TN29W","UO, PALACODE","TN:Tamil Nadu"
"3261","TN30","RTO, (SALEM -WEST)","TN:Tamil Nadu"
"3262","TN30W","UNIT OFFICE,OMALUR,","TN:Tamil Nadu"
"3263","TN31","RTO, CUDALORE","TN:Tamil Nadu"
"3264","TN31Z","UNIT OFFICE PANRUTI","TN:Tamil Nadu"
"3265","TN32","RTO,VILLUPURAM","TN:Tamil Nadu"
"3266","TN33","RTO,ERODE EAST","TN:Tamil Nadu"
"3267","TN34","RTO, TIRUCHENCODE","TN:Tamil Nadu"
"3268","TN36","RTO, COBICHETTIPALAYAM","TN:Tamil Nadu"
"3269","TN36W","UNIT OFFICE,BHAVANI,","TN:Tamil Nadu"
"3270","TN36Z","UNIT OFFICE,SATHIAMANGALAM,","TN:Tamil Nadu"
"3271","TN37","RTO, COIMBATORE (SOUTH)","TN:Tamil Nadu"
"3272","TN37Z","UO, SULUR","TN:Tamil Nadu"
"3273","TN38","RTO,COIMBATORE (NORTH)","TN:Tamil Nadu"
"3274","TN39","RTO, TIRUPUR (NORTH)","TN:Tamil Nadu"
"3275","TN39Z","UO, AVINASHI","TN:Tamil Nadu"
"3276","TN40","RTO, METTUPALAYAM","TN:Tamil Nadu"
"3277","TN41","RTO, POLLACHI","TN:Tamil Nadu"
"3278","TN41W","UNIT OFFICE, VALPARAI","TN:Tamil Nadu"
"3279","TN42","RTO, TIRUPUR (SOUTH)","TN:Tamil Nadu"
"3280","TN42Y","UO, KANGAYAM","TN:Tamil Nadu"
"3281","TN43","RTO, OOTY","TN:Tamil Nadu"
"3282","TN43Z","UNIT OFFICE, GUDALUR,","TN:Tamil Nadu"
"3283","TN45","RTO,TIRUCHIRAPPALLI WEST","TN:Tamil Nadu"
"3284","TN45Z","UNIT OFFICE, MANAPARAI,","TN:Tamil Nadu"
"3285","TN46","RTO, PERAMBALUR","TN:Tamil Nadu"
"3286","TN47","RTO, KARUR","TN:Tamil Nadu"
"3287","TN47Y","UNIT OFFICE, ARAVAKURICHI","TN:Tamil Nadu"
"3288","TN47Z","UNIT OFFICE, KULITHALAI,","TN:Tamil Nadu"
"3289","TN48","RTO, SRIRANGAM","TN:Tamil Nadu"
"3290","TN48X","UNIT OFFICE, LALKUDI","TN:Tamil Nadu"
"3291","TN48Y","UO, MUSURI","TN:Tamil Nadu"
"3292","TN48Z","UNIT OFFICE, THURAIYUR,","TN:Tamil Nadu"
"3293","TN49","RTO,TANJAVUR","TN:Tamil Nadu"
"3294","TN49Y","UNIT OFFICE, PATTUKOTTAI","TN:Tamil Nadu"
"3295","TN50","RTO, TIRUVARUR","TN:Tamil Nadu"
"3296","TN50Z","UNIT OFFICE, MANNARKUDI,","TN:Tamil Nadu"
"3297","TN51","RTO, NAGAPATTINAM","TN:Tamil Nadu"
"3298","TN52","RTO, SANGAGIRI","TN:Tamil Nadu"
"3299","TN52Z","UNIT OFFICE, METTUR,","TN:Tamil Nadu"
"3300","TN54","RTO,SALEM (EAST)","TN:Tamil Nadu"
"3301","TN55","RTO, PUDUKOTTAI","TN:Tamil Nadu"
"3302","TN55Y","UNIT OFFICE, ILLUPPUR","TN:Tamil Nadu"
"3303","TN55Z","UNIT OFFICE, ARANTHANGI,","TN:Tamil Nadu"
"3304","TN56","RTO, PERUNDURAI","TN:Tamil Nadu"
"3305","TN57","RTO, DINDIGUL","TN:Tamil Nadu"
"3306","TN57R","UNIT OFFICE, ODDANCHATRAM","TN:Tamil Nadu"
"3307","TN57V","UO, VEDASANDUR","TN:Tamil Nadu"
"3308","TN57W","UO, BATLAGUNDU","TN:Tamil Nadu"
"3309","TN57Z","UNIT OFFICE, PALANI,","TN:Tamil Nadu"
"3310","TN58","RTO, MADURAI  (SOUTH)","TN:Tamil Nadu"
"2499","DL1","DY.DIR.ZONAL OFFICE,NORTHZONE,MALL ROAD","DL:Delhi"
"2500","DL10","DY.DIR.ZONAL OFFICE,NORTH WEST DISTRICT-II,ROHINI","DL:Delhi"
"2501","DL11","DY.DIR.ZONAL OFFICE,WEST DISTT-II,RAJOURI GARDEN","DL:Delhi"
"2502","DL12","DY.DIR.ZONAL OFFICE,SOUTH WEST DISTT,VASANT VIHAR","DL:Delhi"
"2503","DL13","DY.DIR.ZONAL OFFICE,EAST DISTT -II,SURAJMAHALVIHAR","DL:Delhi"
"2504","DL2","DY.DIR.ZONAL OFFICE,NEW DELHI,TILAK MARG","DL:Delhi"
"2505","DL3","DY.DIR.ZONAL OFFICE,SOUTH DELHI,SHEIKH SARAI","DL:Delhi"
"2506","DL4","DY.DIR.ZONAL OFFICE,WEST DELHI,JANAKPURI","DL:Delhi"
"2507","DL5","DY.DIR.ZONAL OFFICE,DELHI NORTH EAST, LONI ROAD","DL:Delhi"
"2508","DL6","DY.DIR.ZONAL OFFICE,CENTRAL DELHI,SARAI KALE KHAN","DL:Delhi"
"2509","DL7","DY.DIR.ZONAL OFFICE,EAST DELHI,MAYUR VIHAR","DL:Delhi"
"2510","DL8","DY.DIR.ZONAL OFFICE,DELHI NORTH WEST,WAZIRPUR","DL:Delhi"
"2511","DL9","DY.DIR.ZONAL OFFICE,SOUTH WEST DELHI,JANAKPURI","DL:Delhi"
"2512","GA03","ASST.D.O.T,MAPUSA","GA:Goa"
"2513","GA04","ASST.D.O.T,BICHOLIM","GA:Goa"
"2514","GA05","ASST.D.O.T,PONDA","GA:Goa"
"2515","GA06","ASST.D.O.T,VASCO","GA:Goa"
"2516","GA07","ASST.D.O.T,PANAJI","GA:Goa"
"2517","GA08","ASST.D.O.T,MARGAO","GA:Goa"
"2518","GA09","ASST.D.O.T,QUEPEM","GA:Goa"
"2519","GA10","ASST.D.O.T,CANACONA","GA:Goa"
"2520","GA11","ASST.D.O.T,PERNEM","GA:Goa"
"2521","GA12","ASST.D.O.T,DHARBANDORA","GA:Goa"
"2522","GJ01","RTO,AHMEDABAD","GJ:Gujarat"
"2523","GJ01W","WIAA,AHMEDABAD","GJ:Gujarat"
"2524","GJ02","RTO,PALAVASANA","GJ:Gujarat"
"2525","GJ03","RTO,PORBANDAR HIGHWAY","GJ:Gujarat"
"2526","GJ04","RTO,BHAVNAGAR","GJ:Gujarat"
"2527","GJ05","RTO,SURAT","GJ:Gujarat"
"2528","GJ06","RTO,VADODARA","GJ:Gujarat"
"2529","GJ07","RTO,NADIAD","GJ:Gujarat"
"2530","GJ08","RTO,BANASKANTHA","GJ:Gujarat"
"2531","GJ09","RTO,SABARKANTHA","GJ:Gujarat"
"2532","GJ10","RTO,JAMNAGAR","GJ:Gujarat"
"2533","GJ11","RTO,JUNAGADH","GJ:Gujarat"
"2534","GJ12","RTO,BHUJ-KACHCHH","GJ:Gujarat"
"2535","GJ13","ASST.RTO,SURENDRANGAR","GJ:Gujarat"
"2536","GJ14","ASST.RTO,AMRELI","GJ:Gujarat"
"2537","GJ15","RTO,VALSAD","GJ:Gujarat"
"2538","GJ16","ASST.RTO,BHARUCH","GJ:Gujarat"
"2539","GJ17","RTO,GODHRA","GJ:Gujarat"
"2540","GJ18","ASST.RTO,GANDHINAGAR","GJ:Gujarat"
"2541","GJ19","ASST.RTO,BARDOLI","GJ:Gujarat"
"2542","GJ20","ASST.RTO,DAHOD","GJ:Gujarat"
"2543","GJ21","ASST.RTO,NAVSARI","GJ:Gujarat"
"2544","GJ22","ASST.RTO,NARMADA","GJ:Gujarat"
"2545","GJ23","ASST.RTO,ANAND","GJ:Gujarat"
"2546","GJ24","ASST.RTO,PATAN","GJ:Gujarat"
"2547","GJ25","ASST.RTO,PORBANDAR","GJ:Gujarat"
"2548","GJ26","ASST.RTO,VYARA","GJ:Gujarat"
"2549","GJ27","ASST.RTO,AHMEDABAD(EAST)","GJ:Gujarat"
"2550","GJ30","ASST.RTO,AAHWA","GJ:Gujarat"
"2551","GJ31","RTO ARVALLI (MODASA)","GJ:Gujarat"
"2552","GJ32","RTO GIRSOMNATH (VERAVAL)","GJ:Gujarat"
"2553","GJ33","RTO BOTAD","GJ:Gujarat"
"2554","GJ34","RTO CHHOTAUDAIPUR","GJ:Gujarat"
"2555","GJ35","RTO MAHISAGAR (LUNAVADA)","GJ:Gujarat"
"2556","GJ36","RTO MORBI","GJ:Gujarat"
"2557","GJ37","RTO DEVBHOOMI DWARKA (KHAMBHALIYA)","GJ:Gujarat"
"2558","GJ38","ASST.RTO AHMEDABAD(RURAL),BAVLA","GJ:Gujarat"
"2559","HR01","RLA, AMBALA","HR:Haryana"
"2560","HR02","RLA, JAGADHARI","HR:Haryana"
"2561","HR03","RLA, PANCHKULA","HR:Haryana"
"2562","HR04","RLA, NARAINGARH","HR:Haryana"
"2563","HR05","RLA, KARNAL","HR:Haryana"
"2564","HR06","RLA, PANIPAT","HR:Haryana"
"2565","HR07","RLA, KURUKSHETRA","HR:Haryana"
"2566","HR08","RLA,  KAITHAL","HR:Haryana"
"2567","HR09","RLA, GUHLA","HR:Haryana"
"2568","HR10","RLA, SONIPAT","HR:Haryana"
"2569","HR11","RLA, GOHANA","HR:Haryana"
"2570","HR12","RLA,ROHTAK","HR:Haryana"
"2571","HR13","RLA, BAHADURGARH","HR:Haryana"
"2572","HR14","RLA, JHAJJAR","HR:Haryana"
"2573","HR15","RLA, MEHAM","HR:Haryana"
"2574","HR16","RLA, BHIWANI","HR:Haryana"
"2575","HR17","RLA, SIWANI","HR:Haryana"
"2576","HR18","RLA, LOHARU","HR:Haryana"
"2577","HR19","RLA, CHARKHI DADRI","HR:Haryana"
"2578","HR20","RLA, HISAR","HR:Haryana"
"2579","HR21","RLA, HANSI","HR:Haryana"
"2580","HR22","RLA, FETEHABAD","HR:Haryana"
"2581","HR23","RLA, TOHANA","HR:Haryana"
"2582","HR24","RLA, SIRSA","HR:Haryana"
"2583","HR25","RLA, DABWALI","HR:Haryana"
"2584","HR26","RLA, GURGAON","HR:Haryana"
"2585","HR27","RLA, NUH","HR:Haryana"
"2586","HR28","RLA, FEROZEPUR ZIRKHA","HR:Haryana"
"2587","HR29","RLA, BALLABGARH","HR:Haryana"
"2588","HR30","RLA,  PALWAL","HR:Haryana"
"2589","HR31","RLA, JIND","HR:Haryana"
"2590","HR32","RLA, NARWANA","HR:Haryana"
"2591","HR33","RLA, SAFIDON","HR:Haryana"
"2592","HR34","RLA, MOHINDERGARH","HR:Haryana"
"2593","HR35","RLA, NARNAUL","HR:Haryana"
"2594","HR36","RLA, REWARI","HR:Haryana"
"2595","HR37","RTA, AMBALA","HR:Haryana"
"2596","HR38","RTA, FARIDABAD","HR:Haryana"
"2597","HR39","RTA, HISAR","HR:Haryana"
"2598","HR40","RLA, ASSANDH","HR:Haryana"
"2599","HR41","RLA, PEHOWA","HR:Haryana"
"2600","HR42","RLA, GANAUR","HR:Haryana"
"2601","HR43","RLA, KOSLI","HR:Haryana"
"2602","HR44","RLA, ELLENABAD","HR:Haryana"
"2603","HR45","RTA,KARNAL","HR:Haryana"
"2604","HR46","RTA,ROHTAK","HR:Haryana"
"2605","HR47","RTA,REWARI","HR:Haryana"
"2606","HR48","RLA, TOSHAM","HR:Haryana"
"2607","HR49","RLA, KALKA","HR:Haryana"
"2608","HR50","RLA, HODEL","HR:Haryana"
"2609","HR51","RLA, FARIDABAD","HR:Haryana"
"2610","HR52","RLA, HATHIN","HR:Haryana"
"2611","HR53","CANCEL (ADAMPUR)","HR:Haryana"
"2612","HR54","RLA, BARARA","HR:Haryana"
"2613","HR55","RTA,GURGAON","HR:Haryana"
"2614","HR56","RTA,JIND","HR:Haryana"
"2615","HR57","RTA,SIRSA","HR:Haryana"
"2616","HR58","RTA,YAMUNA NAGAR","HR:Haryana"
"2617","HR59","RLA, RATIA","HR:Haryana"
"2618","HR60","RLA, SAMALKHA","HR:Haryana"
"2619","HR61","RTA,BHIWANI","HR:Haryana"
"2620","HR62","RTA,FATEHABAD","HR:Haryana"
"2621","HR63","RTA,JHAJJAR","HR:Haryana"
"2622","HR64","RTA,KAITHAL","HR:Haryana"
"2623","HR65","RTA,KURUKSHETRA","HR:Haryana"
"2624","HR66","RTA,MOHINDERGARH","HR:Haryana"
"2625","HR67","RTA,PANIPAT","HR:Haryana"
"2626","HR68","RTA,PANCHKULA","HR:Haryana"
"2627","HR69","RTA,SONIPAT","HR:Haryana"
"2628","HR70","STA,HARYANA(HQ)","HR:Haryana"
"2629","HR71","RLA, BILASPUR","HR:Haryana"
"2630","HR72","RLA, GURGAON(SOUTH)","HR:Haryana"
"2631","HR73","RTA,PALWAL","HR:Haryana"
"2632","HR74","RTA,MEWAT(NUH)","HR:Haryana"
"2633","HR75","SDO(CIVIL),INDIRI","HR:Haryana"
"2634","HR76","SDO(CIVIL),PATAUDI","HR:Haryana"
"2635","HR77","SDO(CIVIL),BERI","HR:Haryana"
"2636","HR78","RLA,SHAHABAD","HR:Haryana"
"2637","HR79","RLA,KHARKHONDA","HR:Haryana"
"2638","HR80","RLA,SDO(CIVIL), BARWALA","HR:Haryana"
"2639","HR81","RLA, SDO(CIVIL), BAWAL","HR:Haryana"
"2640","HR82","SDM OFFICE,KANINA","HR:Haryana"
"2641","HR83","RLA, KALAYAT","HR:Haryana"
"2642","HP03","RLA,SHIMLA-URBAN","HP:Himachal Pradesh"
"2643","HP06","RLA,RAMPUR","HP:Himachal Pradesh"
"2644","HP08","RLA,CHAUPAL","HP:Himachal Pradesh"
"2645","HP09","RLA,THEOG","HP:Himachal Pradesh"
"2646","HP10","RLA,ROHRU","HP:Himachal Pradesh"
"2647","HP11","RLA,ARKI","HP:Himachal Pradesh"
"2648","HP12","RLA,NALAGARH","HP:Himachal Pradesh"
"2649","HP13","RLA,KANDAGHAT","HP:Himachal Pradesh"
"2650","HP14","RLA,SOLAN","HP:Himachal Pradesh"
"2651","HP15","RLA,PARWANOO","HP:Himachal Pradesh"
"2652","HP16","RLA,RAJGARH","HP:Himachal Pradesh"
"2653","HP17","RLA,PONTA SAHIB","HP:Himachal Pradesh"
"2654","HP18","RLA,NAHAN","HP:Himachal Pradesh"
"2655","HP19","RLA,AMB","HP:Himachal Pradesh"
"2656","HP20","RLA,UNA","HP:Himachal Pradesh"
"2657","HP21","RLA,BARSAR","HP:Himachal Pradesh"
"2658","HP22","RLA,HAMIRPUR","HP:Himachal Pradesh"
"2659","HP23","RLA,GHUMARWIN","HP:Himachal Pradesh"
"2660","HP24","RLA,BILASPUR SADAR","HP:Himachal Pradesh"
"2661","HP25","RLA,KALPA","HP:Himachal Pradesh"
"2662","HP26","RLA,NICHAR (BHABANAGAR)","HP:Himachal Pradesh"
"2663","HP27","RLA,POOH","HP:Himachal Pradesh"
"2664","HP28","RLA,SARKAGHAT","HP:Himachal Pradesh"
"2665","HP29","RLA,JOGINDERNAGAR","HP:Himachal Pradesh"
"2666","HP30","RLA,KARSOG","HP:Himachal Pradesh"
"2667","HP31","RLA,SUNDERNAGAR","HP:Himachal Pradesh"
"2668","HP32","RLA,GOHAR","HP:Himachal Pradesh"
"2669","HP33","RLA,MANDI SADAR","HP:Himachal Pradesh"
"2670","HP34","RLA,KULLU","HP:Himachal Pradesh"
"2671","HP35","RLA,ANNI","HP:Himachal Pradesh"
"2672","HP36","RLA,DEHRA","HP:Himachal Pradesh"
"2673","HP37","RLA,PALAMPUR","HP:Himachal Pradesh"
"2674","HP38","RLA,NURPUR","HP:Himachal Pradesh"
"2675","HP39","RLA,DHARAMSALA","HP:Himachal Pradesh"
"2676","HP40","RLA,KANGRA","HP:Himachal Pradesh"
"2677","HP41","RLA,KAZA","HP:Himachal Pradesh"
"2678","HP42","RLA,KEYLONG","HP:Himachal Pradesh"
"2679","HP43","RLA,UDAIPUR","HP:Himachal Pradesh"
"2680","HP44","RLA,CHURAH","HP:Himachal Pradesh"
"2681","HP45","RLA,PANGI","HP:Himachal Pradesh"
"2682","HP46","RLA,BHARMOUR","HP:Himachal Pradesh"
"2683","HP47","RLA,DALHOUSIE","HP:Himachal Pradesh"
"2684","HP48","RLA,CHAMBA","HP:Himachal Pradesh"
"2685","HP49","RLA,BANJAR","HP:Himachal Pradesh"
"2686","HP51","RLA,SHIMLA-RURAL","HP:Himachal Pradesh"
"2687","HP53","RLA,BAIJNATH","HP:Himachal Pradesh"
"2688","HP54","RLA,JAWALI","HP:Himachal Pradesh"
"2689","HP55","RLA,NADUAN","HP:Himachal Pradesh"
"2690","HP56","RLA,JAISINGHPUR","HP:Himachal Pradesh"
"2691","HP57","RLA,CHOWARI","HP:Himachal Pradesh"
"2692","HP58","RLA,MANALI","HP:Himachal Pradesh"
"2693","HP62","RLA,STA SHIMLA","HP:Himachal Pradesh"
"2694","HP63","RTO,SHIMLA","HP:Himachal Pradesh"
"2695","HP64","RTO,SOLAN","HP:Himachal Pradesh"
"2696","HP65","RTO,MANDI","HP:Himachal Pradesh"
"2697","HP66","RTO,KULLU","HP:Himachal Pradesh"
"2698","HP67","RTO,HAMIRPUR","HP:Himachal Pradesh"
"2699","HP68","RTO,KANGRA","HP:Himachal Pradesh"
"2700","HP69","RTO,BILASPUR","HP:Himachal Pradesh"
"2701","HP71","RTO,NAHAN","HP:Himachal Pradesh"
"2702","HP72","RTO,UNA","HP:Himachal Pradesh"
"2703","HP73","RTO,CHAMBA","HP:Himachal Pradesh"
"2704","HP74","RLA,BHORANJ","HP:Himachal Pradesh"
"2705","HP76","RLA,PADDHAR","HP:Himachal Pradesh"
"2706","HP77","RLA,DODRA KAWAR","HP:Himachal Pradesh"
"2707","HP78","RLA,BANGANA","HP:Himachal Pradesh"
"2708","HP79","RLA SANGRAH","HP:Himachal Pradesh"
"2709","HP80","RLA HAROLI","HP:Himachal Pradesh"
"2710","HP81","RLA SALOONI","HP:Himachal Pradesh"
"2711","HP82","RLA MANDI (RURAL)","HP:Himachal Pradesh"
"2712","HP83","RLA JAWALAMUKHI","HP:Himachal Pradesh"
"2713","HP84","RLA SUJANPUR","HP:Himachal Pradesh"
"2714","HP85","RLA SHILLAI","HP:Himachal Pradesh"
"2715","HP86","RLA DHARAMPUR","HP:Himachal Pradesh"
"2716","JK01","RTO,KASHMIR","JK:Jammu and Kashmir"
"2717","JK02","RTO,JAMMU","JK:Jammu and Kashmir"
"2718","JK03","ASST.RTO,ANANTNAG","JK:Jammu and Kashmir"
"2719","JK04","ASST.RTO,BUDGAM","JK:Jammu and Kashmir"
"2720","JK05","ASST.RTO,BARAMULLA","JK:Jammu and Kashmir"
"2721","JK06","ASST.RTO,DODA","JK:Jammu and Kashmir"
"2722","JK07","ASST.RTO,KARGIL","JK:Jammu and Kashmir"
"2723","JK08","ASST.RTO,KATHUA","JK:Jammu and Kashmir"
"2724","JK09","ASST.RTO,KUPWARA","JK:Jammu and Kashmir"
"2725","JK10","ASST.RTO,LEH","JK:Jammu and Kashmir"
"2726","JK11","ASST.RTO,RAJOURI","JK:Jammu and Kashmir"
"2727","JK12","ASST.RTO,POONCH","JK:Jammu and Kashmir"
"2728","JK13","ASST.RTO,PULWAMA","JK:Jammu and Kashmir"
"2729","JK14","ASST.RTO,UDHAMPUR","JK:Jammu and Kashmir"
"2730","JK15","ARTO BANDIPORA","JK:Jammu and Kashmir"
"2731","JK16","ARTO GANDERBAL","JK:Jammu and Kashmir"
"2732","JK17","ARTO KISHTWAR","JK:Jammu and Kashmir"
"2733","JK18","ARTO KULGAM","JK:Jammu and Kashmir"
"2734","JK19","ARTO RAMBAN","JK:Jammu and Kashmir"
"2735","JK20","ARTO REASI","JK:Jammu and Kashmir"
"2736","JK21","ARTO SAMBA","JK:Jammu and Kashmir"
"2737","JK22","ARTO SHOPIAN","JK:Jammu and Kashmir"
"2738","JH01","DTO,RANCHI","JH:Jharkhand"
"2739","JH02","DTO,HAZARIBAG","JH:Jharkhand"
"2740","JH03","DTO,DALTONGANJ,PALAMU","JH:Jharkhand"
"2741","JH04","DTO,DUMKA","JH:Jharkhand"
"2742","JH05","DTO,EAST SINGHBHUM,JAMSHEDPUR","JH:Jharkhand"
"2743","JH06","DTO,WEST SINGHBHUM,CHAIBASA","JH:Jharkhand"
"2744","JH07","DTO,GUMLA","JH:Jharkhand"
"2745","JH08","DTO,LOHARDAGA","JH:Jharkhand"
"2746","JH09","DTO,BOKARO","JH:Jharkhand"
"2747","JH10","DTO,DHANBAD","JH:Jharkhand"
"2748","JH11","DTO,GIRIDIH","JH:Jharkhand"
"2749","JH12","DTO,KODERMA","JH:Jharkhand"
"2750","JH13","DTO,CHATRA","JH:Jharkhand"
"2751","JH14","DTO,GARHWA","JH:Jharkhand"
"2752","JH15","DTO,DEOGHAR","JH:Jharkhand"
"2753","JH16","DTO,PAKUR","JH:Jharkhand"
"2754","JH17","DTO,GODDA","JH:Jharkhand"
"2755","JH18","DTO,SAHEBGANJ","JH:Jharkhand"
"2756","JH19","DTO,LATEHAR","JH:Jharkhand"
"2757","JH20","DTO,SIMDEGA","JH:Jharkhand"
"2758","JH21","DTO,JAMTARA","JH:Jharkhand"
"2759","JH22","DTO,SARAIKELA-KHARSAWAN","JH:Jharkhand"
"2760","JH23","D.T.O. Khunti","JH:Jharkhand"
"2761","JH24","D.T.O. Ramgarh","JH:Jharkhand"
"3311","TN58Z","UNIT OFFICE, THIRUMANGALAM,","TN:Tamil Nadu"
"3312","TN59","RTO,MADURAI   (NORTH)","TN:Tamil Nadu"
"3313","TN59V","UNIT OFFICE, VADIPATTI,","TN:Tamil Nadu"
"3314","TN59W","UNIT OFFICE, MELUR,","TN:Tamil Nadu"
"3315","TN60","RTO, PERIYAKULAM","TN:Tamil Nadu"
"3316","TN60Z","UNIT OFFICE, UTHAMAPALAYAM,","TN:Tamil Nadu"
"3317","TN61","RTO, ARIYALUR","TN:Tamil Nadu"
"3318","TN63","RTO, SIVAGANGAI","TN:Tamil Nadu"
"3319","TN63Z","UNIT OFFICE, KARAIKUDI","TN:Tamil Nadu"
"3320","TN64","RTO, MADURAI (CENTRAL)","TN:Tamil Nadu"
"3321","TN65","RTO, RAMANATHAPURAM","TN:Tamil Nadu"
"3322","TN65Z","UNIT OFFICE, PARAMAKUDI,","TN:Tamil Nadu"
"3323","TN66","RTO,COIMBATORE (CENTRAL)","TN:Tamil Nadu"
"3324","TN67","RTO, VIRUDHUNAGAR","TN:Tamil Nadu"
"3325","TN67W","UO, ARUPPUKOTTAI","TN:Tamil Nadu"
"3326","TN68","RTO,KUMBAKONAM","TN:Tamil Nadu"
"3327","TN69","RTO, TUTICORIN","TN:Tamil Nadu"
"3328","TN69Z","UNIT OFFICE, KOVILPATTI,","TN:Tamil Nadu"
"3329","TN70","RTO, HOSUR","TN:Tamil Nadu"
"3330","TN72","RTO,TIRUNELVELI","TN:Tamil Nadu"
"3331","TN72V","UNIT OFFICE, VALLIYUR ,","TN:Tamil Nadu"
"3332","TN73","RTO, RANIPET","TN:Tamil Nadu"
"3333","TN73Z","UNIT OFFICE, ARAKKONAM,","TN:Tamil Nadu"
"3334","TN74","RTO, NAGERCOIL","TN:Tamil Nadu"
"3335","TN75","RTO, MARTHANDAM","TN:Tamil Nadu"
"3336","TN76","RTO,TENKASI","TN:Tamil Nadu"
"3337","TN76V","UO, AMBASAMUDURAM","TN:Tamil Nadu"
"3338","TN77","RTO OFFICE, ATTUR","TN:Tamil Nadu"
"3339","TN77Z","UO, VALAPADY","TN:Tamil Nadu"
"3340","TN78","RTO OFFICE, DHARAPURAM,","TN:Tamil Nadu"
"3341","TN78Z","UO, UDUMALPET","TN:Tamil Nadu"
"3342","TN79","RTO, SANKARANKOIL,","TN:Tamil Nadu"
"3343","TN81","RTO, TIRUCHIRAPPALLI EAST","TN:Tamil Nadu"
"3344","TN81Z","UO, TIRUVERAMBUR","TN:Tamil Nadu"
"3345","TN82","RTO, MAYILADUTHURAI,","TN:Tamil Nadu"
"3346","TN82Z","UO, SIRKALI","TN:Tamil Nadu"
"3347","TN83","RTO,VANIYAMBADI","TN:Tamil Nadu"
"3348","TN83Z","UO, TIRUPATTUR","TN:Tamil Nadu"
"3349","TN84","RTO, SRIVILLIPUTHUR,","TN:Tamil Nadu"
"3350","TN84Z","UO, SIVAKASI","TN:Tamil Nadu"
"3351","TN85","RTO, KUNDRATHUR","TN:Tamil Nadu"
"3352","TN86","RTO, ERODE WEST","TN:Tamil Nadu"
"3353","TN88","RTO, NAMAKKAL- SOUTH","TN:Tamil Nadu"
"3354","TN88Z","UO, PARAMATHIVELLUR","TN:Tamil Nadu"
"3355","TN90","RTO, SALEM SOUTH","TN:Tamil Nadu"
"3356","TN91","The Regional Transport Office, Chidambaram,","TN:Tamil Nadu"
"3357","TN91Y","The Motor Vehicles Inspector, Unit Office, Neyveli","TN:Tamil Nadu"
"3358","TN91Z","The Motor Vehicles Inspector,Unit Office,","TN:Tamil Nadu"
"3359","TN92","The Regional Transport Office, Tiruchendur","TN:Tamil Nadu"
"3360","TN99","RTO, COIMBATORE WEST","TN:Tamil Nadu"
"3361","TS001","RTA ADILABAD","TS:Telangana"
"3362","TS002","RTA KARIMNAGAR","TS:Telangana"
"3363","TS003","RTA WARANGAL","TS:Telangana"
"3364","TS004","RTA KHAMMAM","TS:Telangana"
"3365","TS005","RTA NALGONDA","TS:Telangana"
"3366","TS006","RTA MAHABOOBNAGAR","TS:Telangana"
"3367","TS007","RTA RANGAREDDY","TS:Telangana"
"3368","TS008","RTA RANGAREDDY EAST","TS:Telangana"
"3369","TS009","RTA-HYDERABAD-CZ","TS:Telangana"
"3370","TS010","RTA-HYDERABAD-NZ","TS:Telangana"
"3371","TS011","RTA-HYDERABAD-EZ","TS:Telangana"
"3372","TS012","RTA-HYDERABAD-SZ","TS:Telangana"
"3373","TS013","RTA-HYDERABAD-WZ","TS:Telangana"
"3374","TS015","RTA MEDAK-SANGAREDDY","TS:Telangana"
"3375","TS016","RTA NIZAMABAD","TS:Telangana"
"3376","TS101","RTA MANCHERIAL","TS:Telangana"
"3377","TS102","UNIT OFFICE HUZURABAD","TS:Telangana"
"3378","TS103","UNIT OFFICE JANGOAN","TS:Telangana"
"3379","TS104","UNIT OFFICE BHADRACHALAM","TS:Telangana"
"3380","TS105","UNIT OFFICE BHONGIR","TS:Telangana"
"3381","TS106","UNIT OFFICE GADWAL","TS:Telangana"
"3382","TS107","RTA MEDCHAL","TS:Telangana"
"3383","TS108","RTA IBRAHIMPATNAM","TS:Telangana"
"3384","TS115","RTA SIDDIPET","TS:Telangana"
"3385","TS116","UNIT OFFICE ARMOOR","TS:Telangana"
"3386","TS201","UNIT OFFICE ASIFABAD","TS:Telangana"
"3387","TS202","UNIT OFFICE JAGITYAL","TS:Telangana"
"3388","TS203","UNIT OFFICE MAHABUBABAD","TS:Telangana"
"3389","TS204","UNIT OFFICE KOTHAGUDEM","TS:Telangana"
"3390","TS205","UNIT OFFICE KODAD","TS:Telangana"
"3391","TS206","UNIT OFFICE KALWAKURTHY","TS:Telangana"
"3392","TS207","UNIT OFFICE PARGI","TS:Telangana"
"3393","TS215","UNIT OFFICE ZAHIRABAD","TS:Telangana"
"3394","TS216","UNIT OFFICE BHODAN","TS:Telangana"
"3395","TS301","UNIT OFFICE NIRMAL","TS:Telangana"
"3396","TS302","UNIT OFFICE PEDDAPALLI","TS:Telangana"
"3397","TS304","UNIT OFFICE SATTUPALLI","TS:Telangana"
"3398","TS305","UNIT OFFICE MIRYALAGUDA","TS:Telangana"
"3399","TS306","UNIT OFFICE PEBBAIR","TS:Telangana"
"3400","TS307","UNIT OFFICE KUKATPALLY","TS:Telangana"
"3401","TS315","UNIT OFFICE MEDAK","TS:Telangana"
"3402","TS316","UNIT OFFICE KAMAREDDY","TS:Telangana"
"3403","TS402","UNIT OFFICE RAMAGUNDAM","TS:Telangana"
"3404","TS404","UNIT OFFICE WYRA","TS:Telangana"
"3405","TS405","UNIT OFFICE SURYAPET","TS:Telangana"
"3406","TS406","UNIT OFFICE SHADNAGAR","TS:Telangana"
"3407","TS415","UNIT OFFICE PATANCHERUVU","TS:Telangana"
"3408","TS502","UNIT OFFICE SIRICILLA","TS:Telangana"
"3409","TS602","UNIT OFFICE KORUTLA","TS:Telangana"
"3410","TR01","JTC,AGARTALA","TR:Tripura"
"3411","TR02","DTO, UNAKOTI KAILASHAHAR","TR:Tripura"
"3412","TR03","DTO,SOUTH TRIPURA","TR:Tripura"
"3413","TR04","DTO,DHALAI","TR:Tripura"
"3414","TR05","DTO, NORTH TRIPURA DHARMANAGAR","TR:Tripura"
"3415","TR06"," DTO, TELIAMURA","TR:Tripura"
"3416","TR07"," DTO, BISHRAMGANJ","TR:Tripura"
"3417","TR08"," DTO, SOUTH TRIPURA","TR:Tripura"
"3418","TRA02","DTO,KAILASHAHAR-NORTHTRIPURA","TR:Tripura"
"3419","TRB02","DTO,DHARMANAGAR-NORTHTRIPURA","TR:Tripura"
"3420","UA07","RTO, DEHRADUN","UA:UA-Uttarakhand"
"3421","UK01","RTO, ALMORA","UK:Uttarakhand"
"3422","UK02","SUB RTO, BAGESHWAR","UK:Uttarakhand"
"3423","UK03","SUB RTO, TANAKPUR,CHAMPAWAT","UK:Uttarakhand"
"3424","UK04","RTO, HALDWANI,NAINITAL","UK:Uttarakhand"
"3425","UK05","SUB RTO, PITHORAGARH","UK:Uttarakhand"
"3426","UK06","SUB RTO, UDHAMSINGH NAGAR","UK:Uttarakhand"
"3427","UK08","SUB RTO, HARIDWAR","UK:Uttarakhand"
"3428","UK09","SUB RTO, TEHRI","UK:Uttarakhand"
"3429","UK10","SUB RTO, UTTARKASHI","UK:Uttarakhand"
"3430","UK11","SUB RTO, KARANPRAYAG,CHAMOLI","UK:Uttarakhand"
"3431","UK12","RTO, PAURI","UK:Uttarakhand"
"3432","UK13","SUB RTO, RUDRAPRAYAG","UK:Uttarakhand"
"3433","UK14","SUB RTO, RISHIKESH,DEHRADUN","UK:Uttarakhand"
"3434","UK15","SUB RTO, KOTDWAR,PAURI","UK:Uttarakhand"
"3435","UK17","ARTO ROORKEE","UK:Uttarakhand"
"3559","AP02","RTA ANANTAPUR","AP:Andhra Pradesh"
"3560","AP03","RTA CHITTOOR","AP:Andhra Pradesh"
"3561","AP04","RTA CUDDAPAH","AP:Andhra Pradesh"
"3562","AP05","RTA EAST GODAVARI-KAKINADA","AP:Andhra Pradesh"
"3563","AP07","RTA GUNTUR","AP:Andhra Pradesh"
"3564","TS01","RTA ADILABAD","TS:Telangana"
"3565","TS02","RTA KARIMNAGAR","TS:Telangana"
"3566","TS03","RTA WARANGAL","TS:Telangana"
"3567","TS04","RTA KHAMMAM","TS:Telangana"
"3568","TS05","RTA NALGONDA","TS:Telangana"
"3569","TS06","RTA MAHABOOBNAGAR","TS:Telangana"
"3570","TS07","RTA RANGAREDDY","TS:Telangana"
"3571","TS08","RTA RANGAREDDY EAST","TS:Telangana"
"3572","TS09","RTA-HYDERABAD-CZ","TS:Telangana"
"3573","AP02","RTA ANANTAPUR","AP:Andhra Pradesh"
"3574","AP03","RTA CHITTOOR","AP:Andhra Pradesh"
"3575","AP04","RTA CUDDAPAH","AP:Andhra Pradesh"
"3576","AP05","RTA EAST GODAVARI-KAKINADA","AP:Andhra Pradesh"
"3577","AP07","RTA GUNTUR","AP:Andhra Pradesh"
"3578","AP16","RTA VIJAYAWADA","AP:Andhra Pradesh"
"3579","AP21","RTA KURNOOL","AP:Andhra Pradesh"
"3580","AP26","RTA NELLORE","AP:Andhra Pradesh"
"3581","AP27","RTA PRAKASAM","AP:Andhra Pradesh"
"3582","AP30","RTA SRIKAKULAM","AP:Andhra Pradesh"
"3583","AP31","RTA VISHAKAPATNAM","AP:Andhra Pradesh"
"3584","AP35","RTA VIZIANAGARAM","AP:Andhra Pradesh"
"3585","AP37","RTA WEST GODAVARI - ELURU","AP:Andhra Pradesh"
"3586","OD2K","ASST.RTO,KHURDA","OD:Odisha"
"3587","OD9B","ADDL.RTO,BARBIL","OD:Odisha"
"3588","PY1B","BAHOUR","PY:Pondicherry"
"3589","PY5V","THIRUBHUVANAI","PY:Pondicherry"
"3590","RJ2A","SUB OFFICE, BEHROR","RJ:Rajasthan"
"3591","RJ5A","SUB OFFICE, DEEG","RJ:Rajasthan"
"3592","GJ1W","WIAA,AHMEDABAD","GJ:Gujarat"
"3593","TS01","RTA ADILABAD","TS:Telangana"
"3594","TS02","RTA KARIMNAGAR","TS:Telangana"
"3595","TS03","RTA WARANGAL","TS:Telangana"
"3596","TS04","RTA KHAMMAM","TS:Telangana"
"3597","TS05","RTA NALGONDA","TS:Telangana"
"3598","TS06","RTA MAHABOOBNAGAR","TS:Telangana"
"3599","TS07","RTA RANGAREDDY","TS:Telangana"
"3600","TS08","RTA RANGAREDDY EAST","TS:Telangana"
"3601","TS09","RTA-HYDERABAD-CZ","TS:Telangana"
"3602","TS10","RTA-HYDERABAD-NZ","TS:Telangana"
"3603","TS11","RTA-HYDERABAD-EZ","TS:Telangana"
"3604","TS12","RTA-HYDERABAD-SZ","TS:Telangana"
"2886","KL66","SRTO,KUTTANADU","KL:Kerala"
"2887","KL67","SRTO, UZHAVOOR","KL:Kerala"
"2888","KL68","SRTO, DEVIKULAM","KL:Kerala"
"2889","KL69","SRTO, UDUMBANCHOLA","KL:Kerala"
"2890","KL70","SRTO,CHITTUR","KL:Kerala"
"2891","KL71","SRTO, NILAMBUR","KL:Kerala"
"2892","KL72","SRTO, MANANTHAVADY","KL:Kerala"
"2893","KL73","SRTO, SULTHANBATHERY","KL:Kerala"
"2894","LD01","RTO,KAVARATTI","LD:Lakshadweep"
"2895","MP04","RTO,BHOPAL RTO","MP:Madhya Pradesh"
"2896","MP05","RTO,HOSHANGABAD RTO","MP:Madhya Pradesh"
"2897","MP06","RTO,MORENA RTO","MP:Madhya Pradesh"
"2898","MP07","RTO,GWALIOR RTO","MP:Madhya Pradesh"
"2899","MP08","ADDL.RTO,GUNA ARTO","MP:Madhya Pradesh"
"2900","MP09","RTO,INDORE RTO","MP:Madhya Pradesh"
"2901","MP10","ADDL.RTO,KHARGONE ARTO","MP:Madhya Pradesh"
"2902","MP11","ADDL.RTO,DHAR ARTO","MP:Madhya Pradesh"
"2903","MP12","ADDL.RTO,KHANDWA ARTO","MP:Madhya Pradesh"
"2904","MP13","RTO,UJJAIN RTO","MP:Madhya Pradesh"
"2905","MP14","ADDL.RTO,MANDSAUR ARTO","MP:Madhya Pradesh"
"2906","MP15","RTO,SAGAR RTO","MP:Madhya Pradesh"
"2907","MP16","ADDL.RTO,CHATTARPUR  ARTO","MP:Madhya Pradesh"
"2908","MP17","RTO,REWA RTO","MP:Madhya Pradesh"
"2909","MP18","RTO,SHAHDOL RTO","MP:Madhya Pradesh"
"2910","MP19","ADDL.RTO,SATNA ARTO","MP:Madhya Pradesh"
"2911","MP20","RTO,JABALPUR RTO","MP:Madhya Pradesh"
"2912","MP21","ADDL.RTO,KATNI ARTO","MP:Madhya Pradesh"
"2913","MP22","ADDL.RTO,SEONI ARTO","MP:Madhya Pradesh"
"2914","MP28","ADDL.RTO,CHHINDWARA ARTO","MP:Madhya Pradesh"
"2915","MP30","DTO,BHIND DTO","MP:Madhya Pradesh"
"2916","MP31","DTO,SHEOPUR DTO","MP:Madhya Pradesh"
"2917","MP32","DTO,DATIA DTO","MP:Madhya Pradesh"
"2918","MP33","DTO,SHIVPURI DTO","MP:Madhya Pradesh"
"2919","MP34","DTO,DAMOH DTO","MP:Madhya Pradesh"
"2920","MP35","DTO,PANNA DTO","MP:Madhya Pradesh"
"2921","MP36","DTO,TIKAMGARH DTO","MP:Madhya Pradesh"
"2922","MP37","DTO,SEHORE DTO","MP:Madhya Pradesh"
"2923","MP38","DTO,RAISEN DTO","MP:Madhya Pradesh"
"2924","MP39","DTO,RAJGARH DTO","MP:Madhya Pradesh"
"2925","MP40","DTO,VIDISHA DTO","MP:Madhya Pradesh"
"2926","MP41","DTO,DEWAS DTO","MP:Madhya Pradesh"
"2927","MP42","DTO,SHAJAPUR DTO","MP:Madhya Pradesh"
"2928","MP43","DTO,RATLAM DTO","MP:Madhya Pradesh"
"2929","MP44","DTO,NEEMUCH DTO","MP:Madhya Pradesh"
"2930","MP45","DTO,JHABUA DTO","MP:Madhya Pradesh"
"2931","MP46","DTO,BADWANI DTO","MP:Madhya Pradesh"
"2932","MP47","DTO,HARDA DTO","MP:Madhya Pradesh"
"2933","MP48","DTO,BETUL DTO","MP:Madhya Pradesh"
"2934","MP49","DTO,NARSINGHPUR DTO","MP:Madhya Pradesh"
"2935","MP50","DTO,BALAGHAT DTO","MP:Madhya Pradesh"
"2936","MP51","DTO,MANDLA DTO","MP:Madhya Pradesh"
"2937","MP52","DTO,DINDORI DTO","MP:Madhya Pradesh"
"2938","MP53","DTO,SIDHI DTO","MP:Madhya Pradesh"
"2939","MP54","DTO,UMARIA DTO","MP:Madhya Pradesh"
"2940","MH01","RTO,MUMBAI CENTRAL","MH:Maharashtra"
"2941","MH02","RTO,MUMBAI (WEST","MH:Maharashtra"
"2942","MH03","RTO,MUMBAI (EAST)","MH:Maharashtra"
"2943","MH04","RTO,THANE","MH:Maharashtra"
"2944","MH05","DY.RTO,KALYAN","MH:Maharashtra"
"2945","MH06","DY.RTO,PEN(RAIGAD)","MH:Maharashtra"
"2946","MH07","DY.RTO,SINDHUDURG","MH:Maharashtra"
"2947","MH08","DY.RTO,RATNAGIRI","MH:Maharashtra"
"2948","MH09","RTO,KOLHAPUR","MH:Maharashtra"
"2949","MH10","DY.RTO,SANGLI","MH:Maharashtra"
"2950","MH11","DY.RTO,SATARA","MH:Maharashtra"
"2951","MH12","RTO,PUNE","MH:Maharashtra"
"2952","MH13","DY.RTO,SOLAPUR","MH:Maharashtra"
"2953","MH14","DY.RTO,PIMPRI-CHINCHWAD","MH:Maharashtra"
"2954","MH15","RTO,NASHIK","MH:Maharashtra"
"2955","MH16","DY.RTO,AHMEDNAGAR","MH:Maharashtra"
"2956","MH17","DY.RTO,SHRIRAMPUR","MH:Maharashtra"
"2957","MH18","DY.RTO,DHULE","MH:Maharashtra"
"2958","MH19","DY.RTO,JALGAON","MH:Maharashtra"
"2959","MH20","RTO,AURANGABAD","MH:Maharashtra"
"2960","MH21","DY.RTO,JALNA","MH:Maharashtra"
"2961","MH22","DY.RTO,PARBHANI","MH:Maharashtra"
"2962","MH23","DY.RTO,BEED","MH:Maharashtra"
"2963","MH24","RTO,LATUR","MH:Maharashtra"
"2964","MH25","DY.RTO,OSMANABAD","MH:Maharashtra"
"2965","MH26","RTO,NANDED","MH:Maharashtra"
"2966","MH27","RTO,AMRAVATI","MH:Maharashtra"
"2967","MH28","DY.RTO,BULDHANA","MH:Maharashtra"
"2968","MH29","DY.RTO,YAWATMAL","MH:Maharashtra"
"2969","MH30","DY.RTO,AKOLA","MH:Maharashtra"
"2970","MH31","RTO,NAGPUR (URBAN)","MH:Maharashtra"
"2971","MH32","DY. RTO,WARDHA","MH:Maharashtra"
"2972","MH33","DY. RTO,GADCHIROLI","MH:Maharashtra"
"2973","MH34","DY. RTO,CHANDRAPUR","MH:Maharashtra"
"2974","MH35","DY. RTO,GONDIA","MH:Maharashtra"
"2975","MH36","DY. RTO,BHANDARA","MH:Maharashtra"
"2976","MH37","DY. RTO,VASHIM","MH:Maharashtra"
"2977","MH38","DY. RTO,HINGOLI","MH:Maharashtra"
"2978","MH39","DY. RTO,NANDURBAR","MH:Maharashtra"
"2979","MH40","RTO,NAGPUR (RURAL)","MH:Maharashtra"
"2980","MH41","DY.RTO,MALEGAON","MH:Maharashtra"
"2981","MH42","DY.RTO,BARAMATI","MH:Maharashtra"
"2982","MH43","DY.RTO,VASHI","MH:Maharashtra"
"2983","MH44","DY.RTO,AMBEJOGAI","MH:Maharashtra"
"2984","MH45","DY.RTO,AKLUJ","MH:Maharashtra"
"2985","MH46","RTO, PANVEL","MH:Maharashtra"
"2986","MH47","DY.RTO,BORIVALI","MH:Maharashtra"
"2987","MH48","DY. RTO VASAI-VIRAR","MH:Maharashtra"
"2988","MH49","DY.RTO, NAGPUR (EAST)","MH:Maharashtra"
"2989","MH50","DY.RTO, KARAD","MH:Maharashtra"
"2990","MN01","DTO, IMPHAL WEST","MN:Manipur"
"2991","MN02","DTO, CHURACHANDPUR","MN:Manipur"
"2992","MN03","DTO, KANGPOKPI","MN:Manipur"
"2993","MN04","DTO, THOUBAL","MN:Manipur"
"2994","MN05","DTO, BISHNUPUR","MN:Manipur"
"2995","MN06","DTO, IMPHAL EAST","MN:Manipur"
"2996","MN07","Ukhrul","MN:Manipur"
"2997","MN08","Senapati","MN:Manipur"
"2998","ML04","DTO,JOWAI","ML:Meghalaya"
"2999","ML05","DTO,SHILLONG","ML:Meghalaya"
"3000","ML06","DTO,NONGSTOIN","ML:Meghalaya"
"3001","ML07","DTO,WILLIAMANAGAR","ML:Meghalaya"
"3002","ML08","DTO,TURA","ML:Meghalaya"
"3003","ML09","DTO,BAGHMARA","ML:Meghalaya"
"3004","ML10","DTO,NONGPOH","ML:Meghalaya"
"3005","ML11","DTO KHLIEHRIAT","ML:Meghalaya"
"3006","ML12","DTO MAWKYRWAT","ML:Meghalaya"
"3007","ML13","DTO RESUBELPARA","ML:Meghalaya"
"3008","ML14","DTO AMPATI","ML:Meghalaya"
"3009","MZ01","DTO,AIZAWL","MZ:Mizoram"
"3010","MZ02","DTO,LUNGLEI","MZ:Mizoram"
"3011","MZ03","DTO,SAIHA","MZ:Mizoram"
"3012","MZ04","DTO,CHAMPHAI","MZ:Mizoram"
"3013","MZ05","DTO,KOLASIB","MZ:Mizoram"
"3014","MZ06","DTO,SERCHHIP","MZ:Mizoram"
"3015","MZ07","DTO,LAWNGTLAI","MZ:Mizoram"
"3016","MZ08","DTO,MAMIT","MZ:Mizoram"
"3017","NL01","RTO, KOHIMA","NL:Nagaland"
"3018","NL02","RTO, MOKOKCHUNG","NL:Nagaland"
"3019","NL03","DTO, TUENSANG","NL:Nagaland"
"3020","NL04","DTO, MON","NL:Nagaland"
"3021","NL05","DTO, WOKHA","NL:Nagaland"
"3022","NL06","DTO, ZUNHEBOTO","NL:Nagaland"
"3023","NL07","DTO, DIMAPUR","NL:Nagaland"
"3024","NL08","DTO, PHEK","NL:Nagaland"
"3436","UP11","RTO,SAHARANPUR","UP:Uttar Pradesh"
"3437","UP12","ASST.RTO,MUZAFFARNAGAR","UP:Uttar Pradesh"
"3438","UP13","ASST.RTO, BULANDSHAHAR","UP:Uttar Pradesh"
"3439","UP14","RTO, GHAZIABAD","UP:Uttar Pradesh"
"3440","UP15","RTO, MEERUT","UP:Uttar Pradesh"
"3441","UP16","ASST.RTO, GAUTAMBUDHNAGAR","UP:Uttar Pradesh"
"3442","UP17","ASST.RTO, BAGHPAT","UP:Uttar Pradesh"
"3443","UP19","ARTO OFFICE,SHAMLI","UP:Uttar Pradesh"
"3444","UP20","ASST.RTO, BIJNOR","UP:Uttar Pradesh"
"3445","UP21","RTO, MORADABAD","UP:Uttar Pradesh"
"3446","UP22","ASST.RTO, RAMPUR","UP:Uttar Pradesh"
"3447","UP23","ASST.RTO, JYOTIBAPHULE NAGAR","UP:Uttar Pradesh"
"3448","UP24","ASST.RTO, BADAUN","UP:Uttar Pradesh"
"3449","UP25","RTO, BAREILLY","UP:Uttar Pradesh"
"3450","UP26","ASST.RTO, PILIBHIT","UP:Uttar Pradesh"
"3451","UP27","ASST.RTO, SHAHJAHANPUR","UP:Uttar Pradesh"
"3452","UP30","ASST.RTO, HARDOI","UP:Uttar Pradesh"
"3453","UP31","ASST.RTO, LAKHIMPUR KHIRI","UP:Uttar Pradesh"
"3454","UP32","RTO, LUCKNOW","UP:Uttar Pradesh"
"3455","UP32A","ARTO, MAHANAGAR LUCKNOW","UP:Uttar Pradesh"
"3456","UP33","ASST.RTO, RAEBARELI","UP:Uttar Pradesh"
"3457","UP34","ASST.RTO, SITAPUR","UP:Uttar Pradesh"
"3458","UP35","ASST.RTO, UNNAO","UP:Uttar Pradesh"
"3459","UP36","ARTO OFFICE,AMETHI","UP:Uttar Pradesh"
"3460","UP37","ARTO OFFICE,HAPUR","UP:Uttar Pradesh"
"3461","UP38","ARTO OFFICE,SAMBHAL","UP:Uttar Pradesh"
"3462","UP40","ASST.RTO, BAHRAICH","UP:Uttar Pradesh"
"3463","UP41","ASST.RTO, BARABANKI","UP:Uttar Pradesh"
"3464","UP42","RTO, FAIZABAD","UP:Uttar Pradesh"
"3465","UP43","RTO, GONDA","UP:Uttar Pradesh"
"3466","UP44","ASST.RTO, SULTANPUR","UP:Uttar Pradesh"
"3467","UP45","ASST.RTO, AMBEDKAR NAGAR","UP:Uttar Pradesh"
"3468","UP46","ASST.RTO, SHRAVASTI","UP:Uttar Pradesh"
"3469","UP47","ASST.RTO, BALRAMPUR","UP:Uttar Pradesh"
"3470","UP50","RTO, AZAMGARH","UP:Uttar Pradesh"
"3471","UP51","RTO, BASTI","UP:Uttar Pradesh"
"3472","UP52","ASST.RTO, DEORIA","UP:Uttar Pradesh"
"3473","UP53","RTO, GORAKHPUR","UP:Uttar Pradesh"
"3474","UP54","ASST.RTO, MAU","UP:Uttar Pradesh"
"3475","UP55","ASST.RTO, SIDDHARTHNAGAR","UP:Uttar Pradesh"
"3476","UP56","ASST.RTO, MAHRAJGANJ","UP:Uttar Pradesh"
"3477","UP57","ASST.RTO, PADRAUNA (KRUSHI NAGAR)","UP:Uttar Pradesh"
"3478","UP58","ASST.RTO, SANT KABIR NAGAR","UP:Uttar Pradesh"
"3479","UP60","ASST.RTO, BALLIA","UP:Uttar Pradesh"
"3480","UP61","ASST.RTO, GHAZIPUR","UP:Uttar Pradesh"
"3481","UP62","ASST.RTO, JAUNPUR","UP:Uttar Pradesh"
"3482","UP63","RTO, MIRZAPUR","UP:Uttar Pradesh"
"3483","UP64","ASST.RTO, SONBHADRA","UP:Uttar Pradesh"
"3484","UP65","RTO, VARANASI","UP:Uttar Pradesh"
"3485","UP65A","RTO EXTENTION COUNTER OFFICE, VARANASI","UP:Uttar Pradesh"
"3486","UP66","ASST.RTO, BHADOHI","UP:Uttar Pradesh"
"3487","UP67","ASST.RTO, CHANDAULI","UP:Uttar Pradesh"
"3488","UP70","RTO, ALLAHABAD","UP:Uttar Pradesh"
"3489","UP71","ASST.RTO, FATEHPUR","UP:Uttar Pradesh"
"3490","UP72","ASST.RTO, PRATAPGARH","UP:Uttar Pradesh"
"3491","UP73","ASST.RTO, KAUSHAMBI","UP:Uttar Pradesh"
"3492","UP74","ASST.RTO, KANNAUJ","UP:Uttar Pradesh"
"3493","UP75","ASST.RTO, ETAWAH","UP:Uttar Pradesh"
"3494","UP76","ASST.RTO, FARRUKHABAD","UP:Uttar Pradesh"
"3495","UP77","ASST.RTO, KANPUR DEHAT","UP:Uttar Pradesh"
"3496","UP78","RTO, KANPUR NAGAR","UP:Uttar Pradesh"
"3497","UP79","ASST.RTO, AURAIYA","UP:Uttar Pradesh"
"3498","UP80","RTO, AGRA","UP:Uttar Pradesh"
"3499","UP81","RTO, ALIGARH","UP:Uttar Pradesh"
"3500","UP82","ASST.RTO, ETAH","UP:Uttar Pradesh"
"3501","UP83","ASST.RTO, FIROZABAD","UP:Uttar Pradesh"
"3502","UP84","ASST.RTO, MAINPURI","UP:Uttar Pradesh"
"3503","UP85","ASST.RTO, MATHURA","UP:Uttar Pradesh"
"3504","UP86","ASST.RTO, HATHRASH (MAHAMAYA NAGAR)","UP:Uttar Pradesh"
"3505","UP87","ASST.RTO, KANSHIRAM NAGAR","UP:Uttar Pradesh"
"3506","UP90","RTO, BANDA","UP:Uttar Pradesh"
"3507","UP91","ASST.RTO, HAMIRPUR","UP:Uttar Pradesh"
"3508","UP92","ASST.RTO, JALAUN","UP:Uttar Pradesh"
"3509","UP93","RTO, JHANSI","UP:Uttar Pradesh"
"3510","UP94","ASST.RTO, LALITPUR","UP:Uttar Pradesh"
"3511","UP95","ASST.RTO, MAHOBA","UP:Uttar Pradesh"
"3512","UP96","ASST.RTO, CHITRAKOOT DHAM","UP:Uttar Pradesh"
"3513","WB01","PUBLIC VEHICLES DEPARTMENT","WB:West Bengal"
"3514","WB05","PUBLIC VEHICLES DEPARTMENT, KASBA UNIT","WB:West Bengal"
"3515","WB07","PUBLIC VEHICLES DEPARTMENT, SALT LAKE UNIT","WB:West Bengal"
"3516","WB09","PUBLIC VEHICLES DEPARTMENT, BEHALA UNIT","WB:West Bengal"
"3517","WB11","RTO,HOWRAH","WB:West Bengal"
"3518","WB13","ARTO ULUBERIA","WB:West Bengal"
"3519","WB15","RTO,HOOGHLY","WB:West Bengal"
"3520","WB17","ARTO SERAMPORE","WB:West Bengal"
"3521","WB19","RTO,ALIPUR","WB:West Bengal"
"3522","WB21","ARTO BASIRHAT","WB:West Bengal"
"3523","WB23","ADDL.RTO, BARRACKPORE","WB:West Bengal"
"3524","WB25","RTO,BARASAT","WB:West Bengal"
"3525","WB27","ARTO BONGAON","WB:West Bengal"
"3526","WB29","RTO,TAMLUK","WB:West Bengal"
"3527","WB31","RTO,CONTAI","WB:West Bengal"
"3528","WB33","RTO,MEDINIPUR","WB:West Bengal"
"3529","WB35","ARTO KHRAGPUR","WB:West Bengal"
"3530","WB37","ADDL.RTO,ASANSOLE","WB:West Bengal"
"3531","WB39","ADDL.RTO,DURGAPUR","WB:West Bengal"
"3532","WB41","RTO,BURDWAN","WB:West Bengal"
"3533","WB43","ARTO KALNA","WB:West Bengal"
"3534","WB45","ARTO RAMPURHAT","WB:West Bengal"
"3535","WB47","ARTO BOLPUR","WB:West Bengal"
"3536","WB49","ARTO JHARGRAM","WB:West Bengal"
"3537","WB51","RTO,NADIA","WB:West Bengal"
"3538","WB53","RTO,BIRBHUM","WB:West Bengal"
"3539","WB55","RTO,PURULIA","WB:West Bengal"
"3540","WB57","RTO,MURSHIDABAD","WB:West Bengal"
"3541","WB59","RTO,RAIGUNJ","WB:West Bengal"
"3542","WB61","RTO,BALUGHAT","WB:West Bengal"
"3543","WB63","RTO,COOCH BEHAR","WB:West Bengal"
"3544","WB65","RTO,MALDA","WB:West Bengal"
"3545","WB67","RTO,BANKURA","WB:West Bengal"
"3546","WB69","RTO,ALIPURDUAR","WB:West Bengal"
"3547","WB71","RTO,JALPAIGURI","WB:West Bengal"
"3548","WB73","RTO,SILIGURI","WB:West Bengal"
"3549","WB77","RTO,DARJEELING","WB:West Bengal"
"3550","WB81","ARTO RAGHUNATHPUR","WB:West Bengal"
"3551","WB83","ARTO CHANCHAL","WB:West Bengal"
"3552","WB85","ARTO MATHABHANGA","WB:West Bengal"
"3553","WB87","ARTO BISHNUPUR","WB:West Bengal"
"3554","WB89","ARTO KALYANI","WB:West Bengal"
"3555","WB91","ARTO ISLAMPUR","WB:West Bengal"
"3556","WB93","ARTO JANGIPUR","WB:West Bengal"
"3557","WB95","ARTO BARUIPUR","WB:West Bengal"
"3558","WB97","ARTO DIAMOND HARBOUR","WB:West Bengal"
"3605","TS13","RTA-HYDERABAD-WZ","TS:Telangana"
"3606","TS15","RTA MEDAK-SANGAREDDY","TS:Telangana"
"3607","TS16","RTA NIZAMABAD","TS:Telangana"
